Workbook

Sheet 1
A1: 객실판매일보 | P1: 근무자 | S1: 이정경 주간/김선우 야간/황경현 팀장 | Z1: 날짜 | AA1: 45901 | AI1: 일일영업현황보고서
A2: 일매출 | C2: =AZ72 -> 952725 | G2: 대실 | H2: =COUNTA($Z$8:$AE$67) -> 0 | M2: 숙박 | N2: =COUNTA($L$8:$O$67) -> 11 | Z2: 현금 시재 | AA2: 시작 | AB2: 371500 | AI2: 보고기준일 | AL2: ='1'!AA1 -> 45901 | AP2: 보고일자 | AS2: =AA1+1 -> 45902 | AZ2: 작성자 | BA2: =S1 -> 이정경 주간/김선우 야간/황경현 팀장
H3: =SUM(Z8:AE76)+AZ21 -> 0 | N3: =SUM(L8:O76)+AZ20 -> 952725 | AA3: 마감 | AB3: 371500
A4: 숙 박 | N4: =SUM(COUNTIF(B8:B67,{301,302,303,305,306,307,308,309,501,502,503,505,701,702,703,705,706,707,708,709})) -> 6 | O4: =SUM(COUNTIF(B8:B67,{201,202,203,205,206,207,208,209,506,507,508,509,601,602,603,605,606,607,608,609})) -> 0 | P4: 대 실 | AF4: =SUM(COUNTIF(S8:S67,{301,302,303,305,306,307,308,309,501,502,503,505,701,702,703,705,706,707,708,709})) -> 0 | AG4: =SUM(COUNTIF(S8:S67,{201,202,203,205,206,207,208,209,506,507,508,509,601,602,603,605,606,607,608,609})) -> 0
A5: 타입 | C5: C | D5: B | E5: AT | F5: AD | G5: SD | H5: ST | I5: V | J5: 특 | N5: 남은 객실 | P5: 매출보고 | R5: 현금 | S5: 계좌 | T5: 카드 | U5: 야놀자 | W5: 여기어때 | Y5: 네이버 | AA5: 부킹 | AB5: 아고다 | AC5: 익스피디아 | AD5: 트립 | AE5: 에어 | AF5: 호텔나우 | AG5: 호텔타임
A6: 잔여수량 | C6: =AL31 -> -1 | D6: =AN31 -> 3 | E6: =AP31 -> 7 | F6: =AR31 -> 1 | G6: =AS31 -> 7 | H6: =AU31 -> 4 | I6: =AW31 -> 5 | J6: =AX31 -> 0 | N6: =C6+D6+E6+F6+G6+H6+I6+J6+K6 -> 26 | P6: =C2 -> 952725 | R6: =AN14+AN15 -> 0 | S6: =AZ14+AZ15 -> 0 | T6: =AR14+AR15 -> 86000 | U6: =AS60 -> 120000 | W6: =AS61 -> 255000 | Y6: =AS62 -> 0 | AA6: =AS63 -> 0 | AB6: =AS66 -> 397800 | AC6: =AS67 -> 0 | AD6: =SUMIFS(O7:O47,C7:C47,"트립") -> 93925 | AE6: =AS65 -> 0 | AF6: =AS69 -> 0 | AG6: =AS70 -> 0
A7: 번호 | B7: 호실 | C7: 채널명 | D7: 고객명 | E7: 비고 | F7: 타입 | G7: 기간 | H7: 체크인 | I7: 체크아웃 | J7: 작성자 | K7: 비품 | L7: 현금 | M7: 카드 | N7: 계좌이체 | O7: 온라인 | P7: 번호 | Q7: 호실 | R7: 채널명 | S7: 고객명 | T7: 비고 | U7: 타입 | V7: 체크인 | W7: 체크아웃 | X7: 작성자 | Y7: 비품 | Z7: 현금 | AA7: 카드 | AB7: 계좌이체 | AE7: 온라인
A8: 1 | B8: 1210 | C8: 리뷰체험단 | D8: 김미지 | F8: AT | G8: 1 | H8: 15:00 | I8: 11:00 | J8: 이 | O8: 0 | P8: 1 | AI8: 총 매 출 | AK8: 구분 | AL8: 현금 | AP8: 카드 | AT8: 온라인 | AX8: 계좌이체 | BB8: 소계
A9: 2 | B9: 308 | C9: 아고다 | D9: 박양숙1 | F9: C | G9: 1/3 | H9: 15:00 | I9: 11:00 | J9: 이 | O9: 397800 | P9: 2 | AL9: 건수 | AN9: 금액 | AP9: 건수 | AR9: 금액 | AT9: 건수 | AV9: 금액 | AX9: 건수 | AZ9: 금액 | BB9: 건수 | BD9: 금액
A10: 3 | B10: 309 | C10: 아고다 | D10: 박양숙2 | F10: C | G10: 1/3 | H10: 15:00 | I10: 11:00 | J10: 이 | O10: 0 | P10: 3 | AK10: 숙박 | AL10: =COUNTA($L$8:$L$67) -> 0 | AN10: =SUM(L8:L67) -> 0 | AP10: =COUNT(M8:M67) -> 1 | AR10: =SUM(M8:M67) -> 80000 | AT10: =COUNTA($O$8:$O$67) -> 10 | AV10: =SUM(O8:O67) -> 866725 | AX10: =COUNTA($N$8:$N$67) -> 0 | AZ10: =SUM(N8:N67) -> 0 | BB10: =SUM(AL10+AP10+AT10+AX10) -> 11 | BD10: =SUM(AN10+AR10+AV10+AZ10) -> 946725
A11: 4 | B11: 805 | C11: 여기어때 | D11: 김봉준 | E11: C업그레이드 | F11: SD | G11: 1/2 | H11: 15:00 | I11: 11:00 | J11: 황 | K11: 2 | O11: 130000 | P11: 4 | AK11: 대실 | AL11: =COUNTA($Z$8:$Z$67) -> 0 | AN11: =SUM(Z8:Z67) -> 0 | AP11: =COUNTA($AA$8:$AA$67) -> 0 | AR11: =SUM(AA8:AA67) -> 0 | AT11: =COUNTA($AE$8:$AE$67) -> 0 | AV11: =SUM(AE8:AE67) -> 0 | AX11: =COUNTA($AB$8:$AB$68) -> 0 | AZ11: =SUM(AB8:AB67) -> 0 | BB11: =SUM(AL11+AP11+AT11+AX11) -> 0 | BD11: =SUM(AN11+AR11+AV11+AZ11) -> 0
A12: 5 | B12: 1216 | C12: 트립 | D12: ZHU/TANGXING | E12: ZHU/ZIYANG | F12: B | G12: 1 | H12: 15:00 | I12: 11:00 | J12: 김 | O12: 93925 | P12: 5 | AK12: 추가숙박 | AL12: =COUNTA($L$68:$L$76) -> 0 | AN12: =SUM(L68:L76) -> 0 | AP12: =COUNTA($M$68:$M$76) -> 0 | AR12: =SUM(M68:M76) -> 0 | AT12: =COUNTA($O$68:$O$76) -> 0 | AV12: =SUM(O68:O76) -> 0 | AX12: =COUNTA($N$68:$N$76) -> 0 | AZ12: =SUM(N68:N76) -> 0 | BB12: =SUM(AL12+AP12+AT12+AX12) -> 0 | BD12: =SUM(AN12+AR12+AV12+AZ12) -> 0
A13: 6 | C13: 현장결제 | D13: 이연순 | E13: 8/31 미결제건 | G13: 1 | H13: 15:00 | I13: 11:00 | J13: 황 | M13: 80000 | P13: 6 | AK13: 추가대실 | AL13: =COUNTA($Z$68:$Z$76) -> 0 | AN13: =SUM(Z68:Z76) -> 0 | AP13: =COUNTA($AA$68:$AA$76) -> 0 | AR13: =SUM(AA68:AA76) -> 0 | AT13: =COUNTA($AE$68:$AE$76) -> 0 | AV13: =SUM(AE68:AE76) -> 0 | AX13: =COUNTA($AB$68:$AB$76) -> 0 | AZ13: =SUM(AB68:AB76) -> 0 | BB13: =SUM(AL13+AP13+AT13+AX13) -> 0 | BD13: =SUM(AN13+AR13+AV13+AZ13) -> 0
A14: 7 | B14: 1115 | C14: 여기어때 | D14: 신철우 | E14: 특가(랜덤) | F14: AT | G14: 1 | H14: 15:00 | I14: 11:00 | J14: 황 | O14: 60000 | P14: 7 | AK14: 소계 | AL14: =SUM(AL10:AM11) -> 0 | AN14: =SUM(AN10:AO13) -> 0 | AP14: =SUM(AP10:AQ11) -> 1 | AR14: =SUM(AR10:AS13) -> 80000 | AT14: =SUM(AT10:AU11) -> 10 | AV14: =SUM(AV10:AW13) -> 866725 | AX14: =SUM(AX10:AY11) -> 0 | AZ14: =SUM(AZ10:BA13) -> 0 | BB14: =SUM(AL14+AP14+AT14+AX14) -> 11 | BD14: =SUM(BD10:BE13) -> 946725
A15: 8 | B15: 1116 | C15: 야놀자 | D15: 김혜란 | E15: 특가(랜덤) | G15: 1 | H15: 15:00 | I15: 11:00 | J15: 황 | K15: 2 | O15: 60000 | P15: 8 | AK15: 어메니티 | AL15: =AL24 -> 0 | AN15: =AN24 -> 0 | AP15: =AP24 -> 3 | AR15: =AR24 -> 6000 | AX15: =AT24 -> 0 | AZ15: =AV24 -> 0 | BB15: =AX24 -> 3 | BD15: =SUM(AN15+AR15+AV15+AZ15) -> 6000
A16: 9 | B16: 809 | C16: 여기어때 | D16: 백종훈 | F16: C | G16: 1 | H16: 15:00 | I16: 11:00 | J16: 이 | O16: 65000 | P16: 9 | BB16: 총합계 | BD16: =BD14+BD15 -> 952725
A17: 10 | B17: 902 | C17: 리뷰체험단 | D17: 오은비 | F17: SD | G17: 1 | H17: 15:00 | I17: 11:00 | J17: 이 | O17: 0 | P17: 10
A18: 11 | B18: 1114 | C18: 야놀자 | D18: 이웅재 | E18: 특가(랜덤) | F18: AT | G18: 1 | H18: 15:00 | I18: 11:00 | J18: 김 | K18: 2 | O18: 60000 | P18: 11 | AI18: 어메니티 판매현황 | AK18: 구분 | AL18: 현금 (1) | AP18: 카드 (2) | AT18: 계좌이체 (3) | AX18: 소계
A19: 12 | P19: 12 | AL19: 건수 | AN19: 금액 | AP19: 건수 | AR19: 금액 | AT19: 건수 | AV19: 금액 | AX19: 건수 | AZ19: 금액
A20: 13 | P20: 13 | AK20: 숙박 | AL20: =COUNTIF(K7:K67,1) -> 0 | AN20: =AL20*2000 -> 0 | AP20: =COUNTIF(K7:K67,2) -> 3 | AR20: =AP20*2000 -> 6000 | AT20: =COUNTIF(K8:K67,3) -> 0 | AV20: =AT20*2000 -> 0 | AX20: =SUM(AL20+AP20+AT20) -> 3 | AZ20: =SUM(AJ20+AN20+AR20+AV20) -> 6000
A21: 14 | P21: 14 | AK21: 대실 | AL21: =COUNTIF(Y7:Y67,1) -> 0 | AN21: =AL21*2000 -> 0 | AP21: =COUNTIF(Y7:Y67,2) -> 0 | AR21: =AP21*2000 -> 0 | AT21: =COUNTIF(Y8:Y67,3) -> 0 | AV21: =AT21*2000 -> 0 | AX21: =SUM(AL21+AP21+AT21) -> 0 | AZ21: =SUM(AJ21+AN21+AR21+AV21) -> 0
A22: 15 | P22: 15 | AK22: 추가 | AX22: =SUM(AL22+AP22+AT22) -> 0 | AZ22: =SUM(AJ22+AN22+AR22+AV22) -> 0
A23: 16 | P23: 16 | AX23: =SUM(AH23+AL23+AP23+AT23) -> 0 | AZ23: =SUM(AJ23+AN23+AR23+AV23) -> 0
A24: 17 | P24: 17 | AK24: 소계 | AL24: =SUM(AL20:AM23) -> 0 | AN24: =SUM(AN20:AO23) -> 0 | AP24: =SUM(AP20:AQ23) -> 3 | AR24: =SUM(AR20:AS23) -> 6000 | AT24: =SUM(AT20:AU23) -> 0 | AV24: =SUM(AV20:AW23) -> 0 | AX24: =SUM(AH24+AL24+AP24+AT24) -> 3 | AZ24: =SUM(AZ20:BA23) -> 6000
A25: 18 | P25: 18
A26: 19 | P26: 19
A27: 20 | P27: 20 | AJ27: 객실 타입 별 예약 현황
A28: 21 | P28: 21 | AJ28: 타입 | AL28: C | AN28: B | AP28: AT | AR28: AD | AS28: SD | AU28: ST | AW28: V | AX28: 특
A29: 22 | P29: 22 | AJ29: 기준수량 | AL29: 5 | AN29: 4 | AP29: 10 | AR29: 2 | AS29: 9 | AU29: 5 | AW29: 5 | AX29: 0 | AZ29: 0
A30: 23 | P30: 23 | AJ30: 예약수량 | AL30: =COUNTIF(F8:F67,"c") -> 6 | AN30: =COUNTIF(F8:F67,"b") -> 1 | AP30: =COUNTIF(F8:F67,"at") -> 3 | AR30: =COUNTIF(F8:F67,"aD") -> 1 | AS30: =COUNTIF(F8:F67,"sd") -> 2 | AU30: =COUNTIF(F8:F67,"st") -> 1 | AW30: =COUNTIF(F8:F67,"v") -> 0 | AX30: =COUNTIF(F8:F67,"PA") -> 0 | AZ30: =COUNTIF(F8:F67,"특") -> 0
A31: 24 | P31: 24 | AJ31: 잔여수량 | AL31: =AL29-AL30 -> -1 | AN31: =AN29-AN30 -> 3 | AP31: =AP29-AP30 -> 7 | AR31: =AR29-AR30 -> 1 | AS31: =AS29-AS30 -> 7 | AU31: =AU29-AU30 -> 4 | AW31: =AW29-AW30 -> 5 | AX31: =AX29-AX30 -> 0 | AZ31: =AZ29-AZ30 -> 0
A32: 25 | P32: 25 | AK32: `
A33: 26 | P33: 26
A34: 27 | P34: 27
A35: 28 | P35: 28
A36: 29 | P36: 29
A37: 30 | P37: 30
A38: 31 | P38: 31
A39: 32 | P39: 32
A40: 33 | P40: 33
A41: 34 | P41: 34
A42: 35 | P42: 35
A43: 36 | B43: 303 | C43: 여기어때 | D43: 노기훈 | E43: 특가(랜덤) | F43: C | G43: 2/2 | H43: 15:00 | I43: 11:00 | J43: 이 | P43: 36
A44: 37 | B44: 307 | C44: 야놀자 | D44: 김유빈 | F44: C | G44: 2/2 | H44: 15:00 | I44: 11:00 | J44: 이 | P44: 37
A45: 38 | B45: 1206 | C45: 에어 | D45: Dale/ | E45: Reed | F45: AD | G45: 4/4 | H45: 15:00 | I45: 11:00 | J45: 이 | P45: 38
A46: 39 | B46: 702 | C46: 아고다 | D46: Romana/Graham | F46: ST | G46: 5/9 | H46: 15:00 | I46: 11:00 | J46: 이 | P46: 39
A47: 40 | B47: 305 | C47: 여기어때 | D47: 이승한 | F47: C | G47: 2/5 | H47: 15:00 | I47: 11:00 | J47: 양 | P47: 40
A48: 41 | P48: 41
A49: 42 | P49: 42
A50: 43 | P50: 43 | AI50: 2. 영업분석표
A51: 44 | P51: 44 | AI51: 구분 | AK51: 상세 | AM51: 대실 | AP51: 숙박 | AS51: 총 합계 | AU51: 구분 | AW51: 식 / 음료 | BC51: 총 합계
A52: 45 | P52: 45 | AK52: 건 | AM52: 건 | AN52: 금액 | AP52: 건 | AQ52: 금액 | AW52: 품목 | BA52: 건
A53: 46 | P53: 46 | AI53: 오프라인 | AK53: 워크인 | AM53: =COUNTIF($R$8:$R$67, "워크인") -> 0 | AN53: =SUMIF($R$8:$R$73, "워크인", $AE$8:$AE$73)+SUMIF($R$8:$R$73, "워크인", $AB$8:$AB$73)+SUMIF($R$8:$R$73, "워크인", $AA$8:$AA$73)+SUMIF($R$8:$R$73, "워크인", $Z$8:$Z$73) -> 0 | AP53: =COUNTIF($C$8:$C$67, "워크인") -> 0 | AQ53: =SUMIF($C$8:$C$72, "워크인", $L$8:$L$72)+SUMIF($C$8:$C$72, "워크인", $M$8:$M$72)+SUMIF($C$8:$C$72, "워크인", $N$8:$N$72)+SUMIF($C$8:$C$72, "워크인", $O$8:$O$72) -> 0 | AS53: =SUM(AN53+AQ53) -> 0 | AU53: 식음료 | AW53: 맥주
A54: 47 | P54: 47 | AK54: 무료 | AM54: =COUNTIF($R$8:$R$73, "무료") -> 0 | AN54: =SUMIF($R$8:$R$73, "무료", $AE$8:$AE$73)+SUMIF($R$8:$R$73, "무료", $AB$8:$AB$73)+SUMIF($R$8:$R$73, "무료", $AA$8:$AA$73)+SUMIF($R$8:$R$73, "무료", $Z$8:$Z$73) -> 0 | AP54: =COUNTIF($C$8:$C$76, "무료") -> 0 | AQ54: =SUMIF($C$8:$C$72, "무료", $L$8:$L$72)+SUMIF($C$8:$C$72, "무료", $M$8:$M$72)+SUMIF($C$8:$C$72, "무료", $N$8:$N$72)+SUMIF($C$8:$C$72, "무료", $O$8:$O$72) -> 0 | AS54: =SUM(AN54+AQ54) -> 0 | AW54: 어메니티 | BA54: =AX24 -> 3 | BC54: =AZ24 -> 6000
A55: 48 | P55: 48 | AK55: 계좌 | AM55: =COUNTIF($R$8:$R$73, "계좌") -> 0 | AN55: =SUMIF($R$8:$R$73, "계좌", $AE$8:$AE$73)+SUMIF($R$8:$R$73, "계좌", $AB$8:$AB$73)+SUMIF($R$8:$R$73, "계좌", $AA$8:$AA$73)+SUMIF($R$8:$R$73, "계좌", $Z$8:$Z$73) -> 0 | AP55: =COUNTIF($C$8:$C$76, "계좌") -> 0 | AQ55: =SUMIF($C$8:$C$72, "계좌", $L$8:$L$72)+SUMIF($C$8:$C$72, "계좌", $M$8:$M$72)+SUMIF($C$8:$C$72, "계좌", $N$8:$N$72)+SUMIF($C$8:$C$72, "계좌", $O$8:$O$72) -> 0 | AS55: =SUM(AN55+AQ55) -> 0 | AW55: 합계 | BA55: =SUM(BA53:BB54) -> 3 | BC55: =SUM(BC53:BE54) -> 6000
A56: 49 | P56: 49 | AI56: 그외 | AM56: =COUNTIF($R$8:$R$73, "부킹닷컴") -> 0 | AN56: =SUMIF($R$8:$R$73, "부킹닷컴", $AE$8:$AE$73)+SUMIF($R$8:$R$73, "부킹닷컴", $AB$8:$AB$73)+SUMIF($R$8:$R$73, "부킹닷컴", $AA$8:$AA$73)+SUMIF($R$8:$R$73, "부킹닷컴", $Z$8:$Z$73) -> 0 | AP56: =COUNTIF($C$8:$C$76, "부킹닷컴") -> 0 | AQ56: =SUMIF($C$8:$C$72, "부킹닷컴", $L$8:$L$72)+SUMIF($C$8:$C$72, "부킹닷컴", $M$8:$M$72)+SUMIF($C$8:$C$72, "부킹닷컴", $N$8:$N$72)+SUMIF($C$8:$C$72, "부킹닷컴", $O$8:$O$72) -> 0 | AS56: =SUM(AN56+AQ56) -> 0
A57: 50 | P57: 50 | AK57: 추가 | AN57: =SUMIF($R$68:$R$72, "추가", $AA$68:$AA$72)+SUMIF($R$68:$R$72, "추가", $Z$68:$Z$72) -> 0 | AQ57: =SUMIF($C$68:$C$72, "추가", $L$68:$L$72)+SUMIF($C$68:$C$72, "추가", $M$68:$M$72)+SUMIF($C$68:$C$72, "추가", $N$68:$N$72)+SUMIF($C$68:$C$72, "추가", $O$68:$O$72) -> 0 | AS57: =SUM(AN57+AQ57) -> 0
A58: 51 | P58: 51 | AI58: 소계 | AM58: =SUM(AM53:AM56) -> 0 | AN58: =SUM(AN53:AO57) -> 0 | AP58: =SUM(AP53:AP57) -> 0 | AQ58: =SUM(AQ53:AR57) -> 0 | AS58: =SUM(AS53:AT57) -> 0
A59: 52 | P59: 52 | AI59: 온라인 | AK59: 채널명 | AM59: 건수 | AN59: 판매가 | AO59: 입금가 | AP59: 건수 | AQ59: 판매가 | AR59: 입금가 | AS59: 판매합계 | AT59: 입금합계 | AU59: 고객연령 | AW59: 20 | BB59: =COUNTIF($K$8:$K$67, "20")+COUNTIF($Y$8:$Y$67, "20") -> 0
A60: 53 | P60: 53 | AK60: 야놀자 | AM60: =COUNTIF($R$8:$R$73, $AK60) -> 0 | AN60: =SUMIF($R$8:$R$73, $AK60, $Z$8:$Z$73)+SUMIF($R$8:$R$73, $AK60, $AB$8:$AB$73)+SUMIF($R$8:$R$73, $AK60, $AA$8:$AA$73)+SUMIF($R$8:$R$73, $AK60, $AE$8:$AE$73) -> 0 | AO60: =AN60*0.9 -> 0 | AP60: =COUNTIF($C$8:$C$73, $AK60) -> 3 | AQ60: =SUMIF($C$8:$C$72, $AK60, $L$8:$L$72)+SUMIF($C$8:$C$72, $AK60, $M$8:$M$72)+SUMIF($C$8:$C$72, $AK60, $N$8:$N$72)+SUMIF($C$8:$C$72, $AK60, $O$8:$O$72) -> 120000 | AR60: =AQ60*0.9 -> 108000 | AS60: =SUM(AN60+AQ60) -> 120000 | AT60: =AO60+AR60 -> 108000 | AW60: 30 | BB60: =COUNTIF($K$8:$K$67, "30")+COUNTIF($Y$8:$Y$67, "30") -> 0
A61: 54 | P61: 54 | AK61: 여기어때 | AM61: =COUNTIF($R$8:$R$73, $AK61) -> 0 | AN61: =SUMIF($R$8:$R$73, $AK61, $Z$8:$Z$73)+SUMIF($R$8:$R$73, $AK61, $AB$8:$AB$73)+SUMIF($R$8:$R$73, $AK61, $AA$8:$AA$73)+SUMIF($R$8:$R$73, $AK61, $AE$8:$AE$73) -> 0 | AO61: =AN61*0.9 -> 0 | AP61: =COUNTIF($C$8:$C$73, $AK61) -> 5 | AQ61: =SUMIF($C$8:$C$72, $AK61, $L$8:$L$72)+SUMIF($C$8:$C$72, $AK61, $M$8:$M$72)+SUMIF($C$8:$C$72, $AK61, $N$8:$N$72)+SUMIF($C$8:$C$72, $AK61, $O$8:$O$72) -> 255000 | AR61: =AQ61*0.9 -> 229500 | AS61: =SUM(AN61+AQ61) -> 255000 | AT61: =AO61+AR61 -> 229500 | AW61: 40 | BB61: =COUNTIF($K$8:$K$67, "40")+COUNTIF($Y$8:$Y$67, "40") -> 0
A62: 55 | P62: 55 | AK62: 네이버 | AM62: =COUNTIF($R$8:$R$73, $AK62) -> 0 | AN62: =SUMIF($R$8:$R$73, $AK62, $Z$8:$Z$73)+SUMIF($R$8:$R$73, $AK62, $AB$8:$AB$73)+SUMIF($R$8:$R$73, $AK62, $AA$8:$AA$73)+SUMIF($R$8:$R$73, $AK62, $AE$8:$AE$73) -> 0 | AO62: =AN62*0.9 -> 0 | AP62: =COUNTIF($C$8:$C$73, $AK62) -> 0 | AQ62: =SUMIF($C$8:$C$72, $AK62, $L$8:$L$72)+SUMIF($C$8:$C$72, $AK62, $M$8:$M$72)+SUMIF($C$8:$C$72, $AK62, $N$8:$N$72)+SUMIF($C$8:$C$72, $AK62, $O$8:$O$72) -> 0 | AR62: =AQ62*0.9 -> 0 | AS62: =SUM(AN62+AQ62) -> 0 | AT62: =AO62+AR62 -> 0 | AW62: 50 | BB62: =COUNTIF($K$8:$K$67, "50")+COUNTIF($Y$8:$Y$67, "50") -> 0
A63: 56 | P63: 56 | AK63: 부킹 | AM63: =COUNTIF($R$8:$R$73, $AK63) -> 0 | AN63: =SUMIF($R$8:$R$73, $AK63, $Z$8:$Z$73)+SUMIF($R$8:$R$73, $AK63, $AB$8:$AB$73)+SUMIF($R$8:$R$73, $AK63, $AA$8:$AA$73)+SUMIF($R$8:$R$73, $AK63, $AE$8:$AE$73) -> 0 | AO63: =AN63*0.9 -> 0 | AP63: =COUNTIF($C$8:$C$73, $AK63) -> 0 | AQ63: =SUMIF($C$8:$C$72, $AK63, $L$8:$L$72)+SUMIF($C$8:$C$72, $AK63, $M$8:$M$72)+SUMIF($C$8:$C$72, $AK63, $N$8:$N$72)+SUMIF($C$8:$C$72, $AK63, $O$8:$O$72) -> 0 | AR63: =AQ63*0.9 -> 0 | AS63: =SUM(AN63+AQ63) -> 0 | AT63: =AO63+AR63 -> 0 | AW63: 60 | BB63: =COUNTIF($K$8:$K$67, "60")+COUNTIF($Y$8:$Y$67, "60") -> 0
A64: 57 | P64: 57 | AK64: 꿀스 | AM64: =COUNTIF($R$8:$R$73, $AK64) -> 0 | AN64: =SUMIF($R$8:$R$73, $AK64, $Z$8:$Z$73)+SUMIF($R$8:$R$73, $AK64, $AB$8:$AB$73)+SUMIF($R$8:$R$73, $AK64, $AA$8:$AA$73)+SUMIF($R$8:$R$73, $AK64, $AE$8:$AE$73) -> 0 | AO64: =AN64*0.9 -> 0 | AP64: =COUNTIF($C$8:$C$73, $AK64) -> 0 | AQ64: =SUMIF($C$8:$C$72, $AK64, $L$8:$L$72)+SUMIF($C$8:$C$72, $AK64, $M$8:$M$72)+SUMIF($C$8:$C$72, $AK64, $N$8:$N$72)+SUMIF($C$8:$C$72, $AK64, $O$8:$O$72) -> 0 | AR64: =AQ64*0.9 -> 0 | AS64: =SUM(AN64+AQ64) -> 0 | AT64: =AO64+AR64 -> 0 | AU64: 방문유형 | AW64: W | BB64: =COUNTIF($J$8:$J$67, "w")+COUNTIF($X$8:$X$67, "w") -> 0
A65: 58 | P65: 58 | AK65: 에어 | AM65: =COUNTIF($R$8:$R$73, $AK65) -> 0 | AN65: =SUMIF($R$8:$R$73, $AK65, $Z$8:$Z$73)+SUMIF($R$8:$R$73, $AK65, $AB$8:$AB$73)+SUMIF($R$8:$R$73, $AK65, $AA$8:$AA$73)+SUMIF($R$8:$R$73, $AK65, $AE$8:$AE$73) -> 0 | AO65: =AN65*0.9 -> 0 | AP65: =COUNTIF($C$8:$C$73, $AK65) -> 1 | AQ65: =SUMIF($C$8:$C$72, $AK65, $L$8:$L$72)+SUMIF($C$8:$C$72, $AK65, $M$8:$M$72)+SUMIF($C$8:$C$72, $AK65, $N$8:$N$72)+SUMIF($C$8:$C$72, $AK65, $O$8:$O$72) -> 0 | AR65: =AQ65*0.9 -> 0 | AS65: =SUM(AN65+AQ65) -> 0 | AT65: =AO65+AR65 -> 0 | AW65: C | BB65: =COUNTIF($J$8:$J$67, "c")+COUNTIF($X$8:$X$67, "c") -> 0
A66: 59 | P66: 59 | AK66: 아고다 | AM66: =COUNTIF($R$8:$R$73, $AK66) -> 0 | AN66: =SUMIF($R$8:$R$73, $AK66, $Z$8:$Z$73)+SUMIF($R$8:$R$73, $AK66, $AB$8:$AB$73)+SUMIF($R$8:$R$73, $AK66, $AA$8:$AA$73)+SUMIF($R$8:$R$73, $AK66, $AE$8:$AE$73) -> 0 | AO66: =AN66*0.9 -> 0 | AP66: =COUNTIF($C$8:$C$73, $AK66) -> 3 | AQ66: =SUMIF($C$8:$C$72, $AK66, $L$8:$L$72)+SUMIF($C$8:$C$72, $AK66, $M$8:$M$72)+SUMIF($C$8:$C$72, $AK66, $N$8:$N$72)+SUMIF($C$8:$C$72, $AK66, $O$8:$O$72) -> 397800 | AR66: =AQ66*0.9 -> 358020 | AS66: =SUM(AN66+AQ66) -> 397800 | AT66: =AO66+AR66 -> 358020
A67: 60 | P67: 60 | AK67: 익스피디아 | AM67: =COUNTIF($R$8:$R$73, $AK67) -> 0 | AN67: =SUMIF($R$8:$R$73, $AK67, $Z$8:$Z$73)+SUMIF($R$8:$R$73, $AK67, $AB$8:$AB$73)+SUMIF($R$8:$R$73, $AK67, $AA$8:$AA$73)+SUMIF($R$8:$R$73, $AK67, $AE$8:$AE$73) -> 0 | AO67: =AN67*0.9 -> 0 | AP67: =COUNTIF($C$8:$C$73, $AK67) -> 0 | AQ67: =SUMIF($C$8:$C$72, $AK67, $L$8:$L$72)+SUMIF($C$8:$C$72, $AK67, $M$8:$M$72)+SUMIF($C$8:$C$72, $AK67, $N$8:$N$72)+SUMIF($C$8:$C$72, $AK67, $O$8:$O$72) -> 0 | AR67: =AQ67*0.9 -> 0 | AS67: =SUM(AN67+AQ67) -> 0 | AT67: =AO67+AR67 -> 0 | AZ67: 대실 | BC67: 숙박
A68: 추가요금 | P68: 추가요금 | AK68: 트립 | AM68: =COUNTIF($R$8:$R$73, $AK68) -> 0 | AN68: =SUMIF($R$8:$R$73, $AK68, $Z$8:$Z$73)+SUMIF($R$8:$R$73, $AK68, $AB$8:$AB$73)+SUMIF($R$8:$R$73, $AK68, $AA$8:$AA$73)+SUMIF($R$8:$R$73, $AK68, $AE$8:$AE$73) -> 0 | AO68: =AN68*0.9 -> 0 | AP68: =COUNTIF($C$8:$C$73, $AK68) -> 1 | AQ68: =SUMIF($C$8:$C$72, $AK68, $L$8:$L$72)+SUMIF($C$8:$C$72, $AK68, $M$8:$M$72)+SUMIF($C$8:$C$72, $AK68, $N$8:$N$72)+SUMIF($C$8:$C$72, $AK68, $O$8:$O$72) -> 93925 | AR68: =AQ68*0.9 -> 84532.5 | AS68: =SUM(AN68+AQ68) -> 93925 | AT68: =AO68+AR68 -> 84532.5 | AZ68: =SUM(AN58+AN73) -> 0 | BC68: =AQ58+AQ73 -> 866725
AK69: 호텔나우 | AM69: =COUNTIF($R$8:$R$73, $AK69) -> 0 | AN69: =SUMIF($R$8:$R$73, $AK69, $Z$8:$Z$73)+SUMIF($R$8:$R$73, $AK69, $AB$8:$AB$73)+SUMIF($R$8:$R$73, $AK69, $AA$8:$AA$73)+SUMIF($R$8:$R$73, $AK69, $AE$8:$AE$73) -> 0 | AO69: =AN69*0.9 -> 0 | AP69: =COUNTIF($C$8:$C$73, $AK69) -> 0 | AQ69: =SUMIF($C$8:$C$72, $AK69, $L$8:$L$72)+SUMIF($C$8:$C$72, $AK69, $M$8:$M$72)+SUMIF($C$8:$C$72, $AK69, $N$8:$N$72)+SUMIF($C$8:$C$72, $AK69, $O$8:$O$72) -> 0 | AR69: =AQ69*0.9 -> 0 | AS69: =SUM(AN69+AQ69) -> 0 | AT69: =AO69+AR69 -> 0
AK70: 호텔타임 | AM70: =COUNTIF($R$8:$R$73, $AK70) -> 0 | AN70: =SUMIF($R$8:$R$73, $AK70, $Z$8:$Z$73)+SUMIF($R$8:$R$73, $AK70, $AB$8:$AB$73)+SUMIF($R$8:$R$73, $AK70, $AA$8:$AA$73)+SUMIF($R$8:$R$73, $AK70, $AE$8:$AE$73) -> 0 | AO70: =AN70*0.9 -> 0 | AP70: =COUNTIF($C$8:$C$73, $AK70) -> 0 | AQ70: =SUMIF($C$8:$C$72, $AK70, $L$8:$L$72)+SUMIF($C$8:$C$72, $AK70, $M$8:$M$72)+SUMIF($C$8:$C$72, $AK70, $N$8:$N$72)+SUMIF($C$8:$C$72, $AK70, $O$8:$O$72) -> 0 | AR70: =AQ70*0.9 -> 0 | AS70: =SUM(AN70+AQ70) -> 0 | AT70: =AO70+AR70 -> 0
AU71: 식음료/어메니티 총매출 | AZ71: =SUM(BC55) -> 6000
AM72: =COUNTIF($R$8:$R$73, $AK72) -> 0 | AN72: =SUMIF($R$8:$R$73, $AK72, $Z$8:$Z$73)+SUMIF($R$8:$R$73, $AK72, $AB$8:$AB$73)+SUMIF($R$8:$R$73, $AK72, $AA$8:$AA$73)+SUMIF($R$8:$R$73, $AK72, $AE$8:$AE$73) -> 0 | AP72: =COUNTIF($C$8:$C$73, $AK72) -> 0 | AQ72: =SUMIF($C$8:$C$72, $AK72, $L$8:$L$72)+SUMIF($C$8:$C$72, $AK72, $M$8:$M$72)+SUMIF($C$8:$C$72, $AK72, $N$8:$N$72)+SUMIF($C$8:$C$72, $AK72, $O$8:$O$72) -> 0 | AS72: =SUM(AN72+AQ72) -> 0 | AT72: =AO72+AR72 -> 0 | AU72: 총매출 | AZ72: =BD16 -> 952725
AI73: 소계 | AM73: =SUM(AM60:AM72) -> 0 | AN73: =SUM(AN60:AN72) -> 0 | AO73: =SUM(AO60:AO72) -> 0 | AP73: =SUM(AP60:AP72) -> 13 | AQ73: =SUM(AQ60:AQ72) -> 866725 | AR73: =SUM(AR60:AR72) -> 780052.5 | AS73: =SUM(AS60:AS72) -> 866725 | AT73: =SUM(AT60:AT72) -> 780052.5 | AU73: 순매출 | AZ73: =AS58+AT73 -> 780052.5

Sheet 2
A1: 객실판매일보 | P1: 근무자 | S1: 양동근 대체 / 김선우 야간 / 황경현 팀장 | Z1: 날짜 | AA1: 45902 | AI1: 일일영업현황보고서
A2: 일매출 | C2: =AZ72 -> 929000 | G2: 대실 | H2: =COUNTA($Z$8:$AE$67) -> 0 | M2: 숙박 | N2: =COUNTA($L$8:$O$67) -> 19 | Z2: 현금 시재 | AA2: 시작 | AB2: 371500 | AI2: 보고기준일 | AL2: ='2'!AA1 -> 45902 | AP2: 보고일자 | AS2: =AA1+1 -> 45903 | AZ2: 작성자 | BA2: =S1 -> 양동근 대체 / 김선우 야간 / 황경현 팀장
H3: =SUM(Z8:AE76)+AZ21 -> 0 | N3: =SUM(L8:O76)+AZ20 -> 929000 | AA3: 마감 | AB3: 371500
A4: 숙 박 | N4: =SUM(COUNTIF(B8:B67,{301,302,303,305,306,307,308,309,501,502,503,505,701,702,703,705,706,707,708,709})) -> 7 | O4: =SUM(COUNTIF(B8:B67,{201,202,203,205,206,207,208,209,506,507,508,509,601,602,603,605,606,607,608,609})) -> 0 | P4: 대 실 | AF4: =SUM(COUNTIF(S8:S67,{301,302,303,305,306,307,308,309,501,502,503,505,701,702,703,705,706,707,708,709})) -> 0 | AG4: =SUM(COUNTIF(S8:S67,{201,202,203,205,206,207,208,209,506,507,508,509,601,602,603,605,606,607,608,609})) -> 0
A5: 타입 | C5: C | D5: B | E5: AT | F5: AD | G5: SD | H5: ST | I5: V | J5: 특 | N5: 남은 객실 | P5: 매출보고 | R5: 현금 | S5: 계좌 | T5: 카드 | U5: 야놀자 | W5: 여기어때 | Y5: 네이버 | AA5: 부킹 | AB5: 아고다 | AC5: 익스피디아 | AD5: 트립 | AE5: 에어 | AF5: 호텔나우 | AG5: 호텔타임
A6: 잔여수량 | C6: =AL31 -> 0 | D6: =AN31 -> 4 | E6: =AP31 -> 7 | F6: =AR31 -> 1 | G6: =AS31 -> 3 | H6: =AU31 -> 4 | I6: =AW31 -> 3 | J6: =AX31 -> 0 | N6: =C6+D6+E6+F6+G6+H6+I6+J6+K6 -> 22 | P6: =C2 -> 929000 | R6: =AN14+AN15 -> 0 | S6: =AZ14+AZ15 -> 0 | T6: =AR14+AR15 -> 4000 | U6: =AS60 -> 285000 | W6: =AS61 -> 575000 | Y6: =AS62 -> 65000 | AA6: =AS63 -> 0 | AB6: =AS66 -> 0 | AC6: =AS67 -> 0 | AD6: =SUMIFS(O7:O47,C7:C47,"트립") -> 0 | AE6: =AS65 -> 0 | AF6: =AS69 -> 0 | AG6: =AS70 -> 0
A7: 번호 | B7: 호실 | C7: 채널명 | D7: 고객명 | E7: 비고 | F7: 타입 | G7: 기간 | H7: 체크인 | I7: 체크아웃 | J7: 작성자 | K7: 비품 | L7: 현금 | M7: 카드 | N7: 계좌이체 | O7: 온라인 | P7: 번호 | Q7: 호실 | R7: 채널명 | S7: 고객명 | T7: 비고 | U7: 타입 | V7: 체크인 | W7: 체크아웃 | X7: 작성자 | Y7: 비품 | Z7: 현금 | AA7: 카드 | AB7: 계좌이체 | AE7: 온라인
A8: 1 | B8: 303 | C8: 야놀자 | D8: 김은기 | E8: 특가(랜덤) | F8: C | G8: 1 | H8: 15:00 | I8: 11:00 | J8: 이 | O8: 60000 | P8: 1 | AI8: 총 매 출 | AK8: 구분 | AL8: 현금 | AP8: 카드 | AT8: 온라인 | AX8: 계좌이체 | BB8: 소계
A9: 2 | B9: 907 | C9: 네이버 | D9: 정창원 | E9: C업그레이드 | F9: SD | G9: 1 | H9: 15:00 | I9: 11:00 | J9: 양 | O9: 65000 | P9: 2 | AL9: 건수 | AN9: 금액 | AP9: 건수 | AR9: 금액 | AT9: 건수 | AV9: 금액 | AX9: 건수 | AZ9: 금액 | BB9: 건수 | BD9: 금액
A10: 3 | B10: 1004 | C10: 여기어때 | D10: 김선우 | E10: C업그레이드 | F10: SD | G10: 1 | H10: 15:00 | I10: 11:00 | J10: 황 | O10: 65000 | P10: 3 | AK10: 숙박 | AL10: =COUNTA($L$8:$L$67) -> 0 | AN10: =SUM(L8:L67) -> 0 | AP10: =COUNT(M8:M67) -> 0 | AR10: =SUM(M8:M67) -> 0 | AT10: =COUNTA($O$8:$O$67) -> 19 | AV10: =SUM(O8:O67) -> 925000 | AX10: =COUNTA($N$8:$N$67) -> 0 | AZ10: =SUM(N8:N67) -> 0 | BB10: =SUM(AL10+AP10+AT10+AX10) -> 19 | BD10: =SUM(AN10+AR10+AV10+AZ10) -> 925000
A11: 4 | B11: 1206 | C11: 여기어때 | D11: 박현수 | F11: AD | G11: 1 | H11: 15:00 | I11: 11:00 | J11: 황 | K11: 2 | O11: 70000 | P11: 4 | AK11: 대실 | AL11: =COUNTA($Z$8:$Z$67) -> 0 | AN11: =SUM(Z8:Z67) -> 0 | AP11: =COUNTA($AA$8:$AA$67) -> 0 | AR11: =SUM(AA8:AA67) -> 0 | AT11: =COUNTA($AE$8:$AE$67) -> 0 | AV11: =SUM(AE8:AE67) -> 0 | AX11: =COUNTA($AB$8:$AB$68) -> 0 | AZ11: =SUM(AB8:AB67) -> 0 | BB11: =SUM(AL11+AP11+AT11+AX11) -> 0 | BD11: =SUM(AN11+AR11+AV11+AZ11) -> 0
A12: 5 | B12: 1107 | C12: 야놀자 | D12: 박효찬 | E12: C업그레이드 | F12: SD | G12: 1 | H12: 15:00 | I12: 11:00 | J12: 황 | O12: 65000 | P12: 5 | AK12: 추가숙박 | AL12: =COUNTA($L$68:$L$76) -> 0 | AN12: =SUM(L68:L76) -> 0 | AP12: =COUNTA($M$68:$M$76) -> 0 | AR12: =SUM(M68:M76) -> 0 | AT12: =COUNTA($O$68:$O$76) -> 0 | AV12: =SUM(O68:O76) -> 0 | AX12: =COUNTA($N$68:$N$76) -> 0 | AZ12: =SUM(N68:N76) -> 0 | BB12: =SUM(AL12+AP12+AT12+AX12) -> 0 | BD12: =SUM(AN12+AR12+AV12+AZ12) -> 0
A13: 6 | B13: 307 | C13: 여기어때 | D13: 백종훈 | F13: C | G13: 1 | H13: 15:00 | I13: 11:00 | J13: 황 | O13: 65000 | P13: 6 | AK13: 추가대실 | AL13: =COUNTA($Z$68:$Z$76) -> 0 | AN13: =SUM(Z68:Z76) -> 0 | AP13: =COUNTA($AA$68:$AA$76) -> 0 | AR13: =SUM(AA68:AA76) -> 0 | AT13: =COUNTA($AE$68:$AE$76) -> 0 | AV13: =SUM(AE68:AE76) -> 0 | AX13: =COUNTA($AB$68:$AB$76) -> 0 | AZ13: =SUM(AB68:AB76) -> 0 | BB13: =SUM(AL13+AP13+AT13+AX13) -> 0 | BD13: =SUM(AN13+AR13+AV13+AZ13) -> 0
A14: 7 | B14: 1214 | C14: 여기어때 | D14: 장서준 | E14: 특가(랜덤) | F14: AT | G14: 1 | H14: 15:00 | I14: 11:00 | J14: 황 | O14: 60000 | P14: 7 | AK14: 소계 | AL14: =SUM(AL10:AM11) -> 0 | AN14: =SUM(AN10:AO13) -> 0 | AP14: =SUM(AP10:AQ11) -> 0 | AR14: =SUM(AR10:AS13) -> 0 | AT14: =SUM(AT10:AU11) -> 19 | AV14: =SUM(AV10:AW13) -> 925000 | AX14: =SUM(AX10:AY11) -> 0 | AZ14: =SUM(AZ10:BA13) -> 0 | BB14: =SUM(AL14+AP14+AT14+AX14) -> 19 | BD14: =SUM(BD10:BE13) -> 925000
A15: 8 | B15: 902 | C15: 여기어때 | D15: 정주경 | E15: C업그레이드 | F15: SD | G15: 1 | H15: 15:00 | I15: 11:00 | J15: 양 | O15: 65000 | P15: 8 | AK15: 어메니티 | AL15: =AL24 -> 0 | AN15: =AN24 -> 0 | AP15: =AP24 -> 2 | AR15: =AR24 -> 4000 | AX15: =AT24 -> 0 | AZ15: =AV24 -> 0 | BB15: =AX24 -> 2 | BD15: =SUM(AN15+AR15+AV15+AZ15) -> 4000
A16: 9 | B16: 701 | C16: 야놀자 | D16: 김진우1 | F16: V | G16: 1 | H16: 15:00 | I16: 11:00 | J16: 양 | O16: 80000 | P16: 9 | BB16: 총합계 | BD16: =BD14+BD15 -> 929000
A17: 10 | B17: 1110 | C17: 야놀자 | D17: 김진우2 | F17: V | G17: 1 | H17: 15:00 | I17: 11:00 | J17: 양 | O17: 80000 | P17: 10
A18: 11 | B18: 1111 | C18: 여기어때 | D18: 조윤희 | E18: 특가(랜덤) | G18: 1 | H18: 15:00 | I18: 11:00 | J18: 김 | O18: 60000 | P18: 11 | AI18: 어메니티 판매현황 | AK18: 구분 | AL18: 현금 (1) | AP18: 카드 (2) | AT18: 계좌이체 (3) | AX18: 소계
A19: 12 | B19: 809 | C19: 여기어때 | D19: 나승재 | E19: C업그레이드 | F19: SD | G19: 1 | H19: 15:00 | I19: 11:00 | J19: 김 | O19: 65000 | P19: 12 | AL19: 건수 | AN19: 금액 | AP19: 건수 | AR19: 금액 | AT19: 건수 | AV19: 금액 | AX19: 건수 | AZ19: 금액
A20: 13 | B20: 1115 | C20: 여기어때 | D20: 강민진 | E20: 특가(랜덤) | F20: AT | G20: 1 | H20: 15:00 | I20: 11:00 | J20: 김 | O20: 60000 | P20: 13 | AK20: 숙박 | AL20: =COUNTIF(K7:K67,1) -> 0 | AN20: =AL20*2000 -> 0 | AP20: =COUNTIF(K7:K67,2) -> 2 | AR20: =AP20*2000 -> 4000 | AT20: =COUNTIF(K8:K67,3) -> 0 | AV20: =AT20*2000 -> 0 | AX20: =SUM(AL20+AP20+AT20) -> 2 | AZ20: =SUM(AJ20+AN20+AR20+AV20) -> 4000
A21: 14 | B21: 1215 | C21: 여기어때 | D21: 홍석진 | E21: B업그레이드 | F21: AT | G21: 1 | H21: 15:00 | I21: 11:00 | J21: 김 | K21: 2 | O21: 65000 | P21: 14 | AK21: 대실 | AL21: =COUNTIF(Y7:Y67,1) -> 0 | AN21: =AL21*2000 -> 0 | AP21: =COUNTIF(Y7:Y67,2) -> 0 | AR21: =AP21*2000 -> 0 | AT21: =COUNTIF(Y8:Y67,3) -> 0 | AV21: =AT21*2000 -> 0 | AX21: =SUM(AL21+AP21+AT21) -> 0 | AZ21: =SUM(AJ21+AN21+AR21+AV21) -> 0
A22: 15 | P22: 15 | AK22: 추가 | AX22: =SUM(AL22+AP22+AT22) -> 0 | AZ22: =SUM(AJ22+AN22+AR22+AV22) -> 0
A23: 16 | P23: 16 | AX23: =SUM(AH23+AL23+AP23+AT23) -> 0 | AZ23: =SUM(AJ23+AN23+AR23+AV23) -> 0
A24: 17 | P24: 17 | AK24: 소계 | AL24: =SUM(AL20:AM23) -> 0 | AN24: =SUM(AN20:AO23) -> 0 | AP24: =SUM(AP20:AQ23) -> 2 | AR24: =SUM(AR20:AS23) -> 4000 | AT24: =SUM(AT20:AU23) -> 0 | AV24: =SUM(AV20:AW23) -> 0 | AX24: =SUM(AH24+AL24+AP24+AT24) -> 2 | AZ24: =SUM(AZ20:BA23) -> 4000
A25: 18 | P25: 18
A26: 19 | P26: 19
A27: 20 | P27: 20 | AJ27: 객실 타입 별 예약 현황
A28: 21 | P28: 21 | AJ28: 타입 | AL28: C | AN28: B | AP28: AT | AR28: AD | AS28: SD | AU28: ST | AW28: V | AX28: 특
A29: 22 | P29: 22 | AJ29: 기준수량 | AL29: 5 | AN29: 4 | AP29: 10 | AR29: 2 | AS29: 9 | AU29: 5 | AW29: 5 | AX29: 0 | AZ29: 0
A30: 23 | P30: 23 | AJ30: 예약수량 | AL30: =COUNTIF(F8:F67,"c") -> 5 | AN30: =COUNTIF(F8:F67,"b") -> 0 | AP30: =COUNTIF(F8:F67,"at") -> 3 | AR30: =COUNTIF(F8:F67,"aD") -> 1 | AS30: =COUNTIF(F8:F67,"sd") -> 6 | AU30: =COUNTIF(F8:F67,"st") -> 1 | AW30: =COUNTIF(F8:F67,"v") -> 2 | AX30: =COUNTIF(F8:F67,"PA") -> 0 | AZ30: =COUNTIF(F8:F67,"특") -> 0
A31: 24 | P31: 24 | AJ31: 잔여수량 | AL31: =AL29-AL30 -> 0 | AN31: =AN29-AN30 -> 4 | AP31: =AP29-AP30 -> 7 | AR31: =AR29-AR30 -> 1 | AS31: =AS29-AS30 -> 3 | AU31: =AU29-AU30 -> 4 | AW31: =AW29-AW30 -> 3 | AX31: =AX29-AX30 -> 0 | AZ31: =AZ29-AZ30 -> 0
A32: 25 | P32: 25 | AK32: `
A33: 26 | P33: 26
A34: 27 | P34: 27
A35: 28 | P35: 28
A36: 29 | P36: 29
A37: 30 | P37: 30
A38: 31 | P38: 31
A39: 32 | P39: 32
A40: 33 | P40: 33
A41: 34 | P41: 34
A42: 35 | P42: 35
A43: 36 | B43: 702 | C43: 아고다 | D43: Romana/Graham | F43: ST | G43: 6/9 | H43: 15:00 | I43: 11:00 | J43: 이 | O43: 0 | P43: 36
A44: 37 | B44: 805 | C44: 여기어때 | D44: 김봉준 | F44: SD | G44: 2/2 | H44: 15:00 | I44: 11:00 | J44: 황 | O44: 0 | P44: 37
A45: 38 | B45: 308 | C45: 아고다 | D45: 박양숙1 | F45: C | G45: 2/3 | H45: 15:00 | I45: 11:00 | J45: 이 | O45: 0 | P45: 38
A46: 39 | B46: 309 | C46: 아고다 | D46: 박양숙2 | F46: C | G46: 2/3 | H46: 15:00 | I46: 11:00 | J46: 이 | O46: 0 | P46: 39
A47: 40 | B47: 305 | C47: 여기어때 | D47: 이승한 | F47: C | G47: 3/5 | H47: 15:00 | I47: 11:00 | J47: 양 | O47: 0 | P47: 40
A48: 41 | P48: 41
A49: 42 | P49: 42
A50: 43 | P50: 43 | AI50: 2. 영업분석표
A51: 44 | P51: 44 | AI51: 구분 | AK51: 상세 | AM51: 대실 | AP51: 숙박 | AS51: 총 합계 | AU51: 구분 | AW51: 식 / 음료 | BC51: 총 합계
A52: 45 | P52: 45 | AK52: 건 | AM52: 건 | AN52: 금액 | AP52: 건 | AQ52: 금액 | AW52: 품목 | BA52: 건
A53: 46 | P53: 46 | AI53: 오프라인 | AK53: 워크인 | AM53: =COUNTIF($R$8:$R$67, "워크인") -> 0 | AN53: =SUMIF($R$8:$R$73, "워크인", $AE$8:$AE$73)+SUMIF($R$8:$R$73, "워크인", $AB$8:$AB$73)+SUMIF($R$8:$R$73, "워크인", $AA$8:$AA$73)+SUMIF($R$8:$R$73, "워크인", $Z$8:$Z$73) -> 0 | AP53: =COUNTIF($C$8:$C$67, "워크인") -> 0 | AQ53: =SUMIF($C$8:$C$72, "워크인", $L$8:$L$72)+SUMIF($C$8:$C$72, "워크인", $M$8:$M$72)+SUMIF($C$8:$C$72, "워크인", $N$8:$N$72)+SUMIF($C$8:$C$72, "워크인", $O$8:$O$72) -> 0 | AS53: =SUM(AN53+AQ53) -> 0 | AU53: 식음료 | AW53: 맥주
A54: 47 | P54: 47 | AK54: 무료 | AM54: =COUNTIF($R$8:$R$73, "무료") -> 0 | AN54: =SUMIF($R$8:$R$73, "무료", $AE$8:$AE$73)+SUMIF($R$8:$R$73, "무료", $AB$8:$AB$73)+SUMIF($R$8:$R$73, "무료", $AA$8:$AA$73)+SUMIF($R$8:$R$73, "무료", $Z$8:$Z$73) -> 0 | AP54: =COUNTIF($C$8:$C$76, "무료") -> 0 | AQ54: =SUMIF($C$8:$C$72, "무료", $L$8:$L$72)+SUMIF($C$8:$C$72, "무료", $M$8:$M$72)+SUMIF($C$8:$C$72, "무료", $N$8:$N$72)+SUMIF($C$8:$C$72, "무료", $O$8:$O$72) -> 0 | AS54: =SUM(AN54+AQ54) -> 0 | AW54: 어메니티 | BA54: =AX24 -> 2 | BC54: =AZ24 -> 4000
A55: 48 | P55: 48 | AK55: 계좌 | AM55: =COUNTIF($R$8:$R$73, "계좌") -> 0 | AN55: =SUMIF($R$8:$R$73, "계좌", $AE$8:$AE$73)+SUMIF($R$8:$R$73, "계좌", $AB$8:$AB$73)+SUMIF($R$8:$R$73, "계좌", $AA$8:$AA$73)+SUMIF($R$8:$R$73, "계좌", $Z$8:$Z$73) -> 0 | AP55: =COUNTIF($C$8:$C$76, "계좌") -> 0 | AQ55: =SUMIF($C$8:$C$72, "계좌", $L$8:$L$72)+SUMIF($C$8:$C$72, "계좌", $M$8:$M$72)+SUMIF($C$8:$C$72, "계좌", $N$8:$N$72)+SUMIF($C$8:$C$72, "계좌", $O$8:$O$72) -> 0 | AS55: =SUM(AN55+AQ55) -> 0 | AW55: 합계 | BA55: =SUM(BA53:BB54) -> 2 | BC55: =SUM(BC53:BE54) -> 4000
A56: 49 | P56: 49 | AI56: 그외 | AM56: =COUNTIF($R$8:$R$73, "부킹닷컴") -> 0 | AN56: =SUMIF($R$8:$R$73, "부킹닷컴", $AE$8:$AE$73)+SUMIF($R$8:$R$73, "부킹닷컴", $AB$8:$AB$73)+SUMIF($R$8:$R$73, "부킹닷컴", $AA$8:$AA$73)+SUMIF($R$8:$R$73, "부킹닷컴", $Z$8:$Z$73) -> 0 | AP56: =COUNTIF($C$8:$C$76, "부킹닷컴") -> 0 | AQ56: =SUMIF($C$8:$C$72, "부킹닷컴", $L$8:$L$72)+SUMIF($C$8:$C$72, "부킹닷컴", $M$8:$M$72)+SUMIF($C$8:$C$72, "부킹닷컴", $N$8:$N$72)+SUMIF($C$8:$C$72, "부킹닷컴", $O$8:$O$72) -> 0 | AS56: =SUM(AN56+AQ56) -> 0
A57: 50 | P57: 50 | AK57: 추가 | AN57: =SUMIF($R$68:$R$72, "추가", $AA$68:$AA$72)+SUMIF($R$68:$R$72, "추가", $Z$68:$Z$72) -> 0 | AQ57: =SUMIF($C$68:$C$72, "추가", $L$68:$L$72)+SUMIF($C$68:$C$72, "추가", $M$68:$M$72)+SUMIF($C$68:$C$72, "추가", $N$68:$N$72)+SUMIF($C$68:$C$72, "추가", $O$68:$O$72) -> 0 | AS57: =SUM(AN57+AQ57) -> 0
A58: 51 | P58: 51 | AI58: 소계 | AM58: =SUM(AM53:AM56) -> 0 | AN58: =SUM(AN53:AO57) -> 0 | AP58: =SUM(AP53:AP57) -> 0 | AQ58: =SUM(AQ53:AR57) -> 0 | AS58: =SUM(AS53:AT57) -> 0
A59: 52 | P59: 52 | AI59: 온라인 | AK59: 채널명 | AM59: 건수 | AN59: 판매가 | AO59: 입금가 | AP59: 건수 | AQ59: 판매가 | AR59: 입금가 | AS59: 판매합계 | AT59: 입금합계 | AU59: 고객연령 | AW59: 20 | BB59: =COUNTIF($K$8:$K$67, "20")+COUNTIF($Y$8:$Y$67, "20") -> 0
A60: 53 | P60: 53 | AK60: 야놀자 | AM60: =COUNTIF($R$8:$R$73, $AK60) -> 0 | AN60: =SUMIF($R$8:$R$73, $AK60, $Z$8:$Z$73)+SUMIF($R$8:$R$73, $AK60, $AB$8:$AB$73)+SUMIF($R$8:$R$73, $AK60, $AA$8:$AA$73)+SUMIF($R$8:$R$73, $AK60, $AE$8:$AE$73) -> 0 | AO60: =AN60*0.9 -> 0 | AP60: =COUNTIF($C$8:$C$73, $AK60) -> 4 | AQ60: =SUMIF($C$8:$C$72, $AK60, $L$8:$L$72)+SUMIF($C$8:$C$72, $AK60, $M$8:$M$72)+SUMIF($C$8:$C$72, $AK60, $N$8:$N$72)+SUMIF($C$8:$C$72, $AK60, $O$8:$O$72) -> 285000 | AR60: =AQ60*0.9 -> 256500 | AS60: =SUM(AN60+AQ60) -> 285000 | AT60: =AO60+AR60 -> 256500 | AW60: 30 | BB60: =COUNTIF($K$8:$K$67, "30")+COUNTIF($Y$8:$Y$67, "30") -> 0
A61: 54 | P61: 54 | AK61: 여기어때 | AM61: =COUNTIF($R$8:$R$73, $AK61) -> 0 | AN61: =SUMIF($R$8:$R$73, $AK61, $Z$8:$Z$73)+SUMIF($R$8:$R$73, $AK61, $AB$8:$AB$73)+SUMIF($R$8:$R$73, $AK61, $AA$8:$AA$73)+SUMIF($R$8:$R$73, $AK61, $AE$8:$AE$73) -> 0 | AO61: =AN61*0.9 -> 0 | AP61: =COUNTIF($C$8:$C$73, $AK61) -> 11 | AQ61: =SUMIF($C$8:$C$72, $AK61, $L$8:$L$72)+SUMIF($C$8:$C$72, $AK61, $M$8:$M$72)+SUMIF($C$8:$C$72, $AK61, $N$8:$N$72)+SUMIF($C$8:$C$72, $AK61, $O$8:$O$72) -> 575000 | AR61: =AQ61*0.9 -> 517500 | AS61: =SUM(AN61+AQ61) -> 575000 | AT61: =AO61+AR61 -> 517500 | AW61: 40 | BB61: =COUNTIF($K$8:$K$67, "40")+COUNTIF($Y$8:$Y$67, "40") -> 0
A62: 55 | P62: 55 | AK62: 네이버 | AM62: =COUNTIF($R$8:$R$73, $AK62) -> 0 | AN62: =SUMIF($R$8:$R$73, $AK62, $Z$8:$Z$73)+SUMIF($R$8:$R$73, $AK62, $AB$8:$AB$73)+SUMIF($R$8:$R$73, $AK62, $AA$8:$AA$73)+SUMIF($R$8:$R$73, $AK62, $AE$8:$AE$73) -> 0 | AO62: =AN62*0.9 -> 0 | AP62: =COUNTIF($C$8:$C$73, $AK62) -> 1 | AQ62: =SUMIF($C$8:$C$72, $AK62, $L$8:$L$72)+SUMIF($C$8:$C$72, $AK62, $M$8:$M$72)+SUMIF($C$8:$C$72, $AK62, $N$8:$N$72)+SUMIF($C$8:$C$72, $AK62, $O$8:$O$72) -> 65000 | AR62: =AQ62*0.9 -> 58500 | AS62: =SUM(AN62+AQ62) -> 65000 | AT62: =AO62+AR62 -> 58500 | AW62: 50 | BB62: =COUNTIF($K$8:$K$67, "50")+COUNTIF($Y$8:$Y$67, "50") -> 0
A63: 56 | P63: 56 | AK63: 부킹 | AM63: =COUNTIF($R$8:$R$73, $AK63) -> 0 | AN63: =SUMIF($R$8:$R$73, $AK63, $Z$8:$Z$73)+SUMIF($R$8:$R$73, $AK63, $AB$8:$AB$73)+SUMIF($R$8:$R$73, $AK63, $AA$8:$AA$73)+SUMIF($R$8:$R$73, $AK63, $AE$8:$AE$73) -> 0 | AO63: =AN63*0.9 -> 0 | AP63: =COUNTIF($C$8:$C$73, $AK63) -> 0 | AQ63: =SUMIF($C$8:$C$72, $AK63, $L$8:$L$72)+SUMIF($C$8:$C$72, $AK63, $M$8:$M$72)+SUMIF($C$8:$C$72, $AK63, $N$8:$N$72)+SUMIF($C$8:$C$72, $AK63, $O$8:$O$72) -> 0 | AR63: =AQ63*0.9 -> 0 | AS63: =SUM(AN63+AQ63) -> 0 | AT63: =AO63+AR63 -> 0 | AW63: 60 | BB63: =COUNTIF($K$8:$K$67, "60")+COUNTIF($Y$8:$Y$67, "60") -> 0
A64: 57 | P64: 57 | AK64: 꿀스 | AM64: =COUNTIF($R$8:$R$73, $AK64) -> 0 | AN64: =SUMIF($R$8:$R$73, $AK64, $Z$8:$Z$73)+SUMIF($R$8:$R$73, $AK64, $AB$8:$AB$73)+SUMIF($R$8:$R$73, $AK64, $AA$8:$AA$73)+SUMIF($R$8:$R$73, $AK64, $AE$8:$AE$73) -> 0 | AO64: =AN64*0.9 -> 0 | AP64: =COUNTIF($C$8:$C$73, $AK64) -> 0 | AQ64: =SUMIF($C$8:$C$72, $AK64, $L$8:$L$72)+SUMIF($C$8:$C$72, $AK64, $M$8:$M$72)+SUMIF($C$8:$C$72, $AK64, $N$8:$N$72)+SUMIF($C$8:$C$72, $AK64, $O$8:$O$72) -> 0 | AR64: =AQ64*0.9 -> 0 | AS64: =SUM(AN64+AQ64) -> 0 | AT64: =AO64+AR64 -> 0 | AU64: 방문유형 | AW64: W | BB64: =COUNTIF($J$8:$J$67, "w")+COUNTIF($X$8:$X$67, "w") -> 0
A65: 58 | P65: 58 | AK65: 에어 | AM65: =COUNTIF($R$8:$R$73, $AK65) -> 0 | AN65: =SUMIF($R$8:$R$73, $AK65, $Z$8:$Z$73)+SUMIF($R$8:$R$73, $AK65, $AB$8:$AB$73)+SUMIF($R$8:$R$73, $AK65, $AA$8:$AA$73)+SUMIF($R$8:$R$73, $AK65, $AE$8:$AE$73) -> 0 | AO65: =AN65*0.9 -> 0 | AP65: =COUNTIF($C$8:$C$73, $AK65) -> 0 | AQ65: =SUMIF($C$8:$C$72, $AK65, $L$8:$L$72)+SUMIF($C$8:$C$72, $AK65, $M$8:$M$72)+SUMIF($C$8:$C$72, $AK65, $N$8:$N$72)+SUMIF($C$8:$C$72, $AK65, $O$8:$O$72) -> 0 | AR65: =AQ65*0.9 -> 0 | AS65: =SUM(AN65+AQ65) -> 0 | AT65: =AO65+AR65 -> 0 | AW65: C | BB65: =COUNTIF($J$8:$J$67, "c")+COUNTIF($X$8:$X$67, "c") -> 0
A66: 59 | P66: 59 | AK66: 아고다 | AM66: =COUNTIF($R$8:$R$73, $AK66) -> 0 | AN66: =SUMIF($R$8:$R$73, $AK66, $Z$8:$Z$73)+SUMIF($R$8:$R$73, $AK66, $AB$8:$AB$73)+SUMIF($R$8:$R$73, $AK66, $AA$8:$AA$73)+SUMIF($R$8:$R$73, $AK66, $AE$8:$AE$73) -> 0 | AO66: =AN66*0.9 -> 0 | AP66: =COUNTIF($C$8:$C$73, $AK66) -> 3 | AQ66: =SUMIF($C$8:$C$72, $AK66, $L$8:$L$72)+SUMIF($C$8:$C$72, $AK66, $M$8:$M$72)+SUMIF($C$8:$C$72, $AK66, $N$8:$N$72)+SUMIF($C$8:$C$72, $AK66, $O$8:$O$72) -> 0 | AR66: =AQ66*0.9 -> 0 | AS66: =SUM(AN66+AQ66) -> 0 | AT66: =AO66+AR66 -> 0
A67: 60 | P67: 60 | AK67: 익스피디아 | AM67: =COUNTIF($R$8:$R$73, $AK67) -> 0 | AN67: =SUMIF($R$8:$R$73, $AK67, $Z$8:$Z$73)+SUMIF($R$8:$R$73, $AK67, $AB$8:$AB$73)+SUMIF($R$8:$R$73, $AK67, $AA$8:$AA$73)+SUMIF($R$8:$R$73, $AK67, $AE$8:$AE$73) -> 0 | AO67: =AN67*0.9 -> 0 | AP67: =COUNTIF($C$8:$C$73, $AK67) -> 0 | AQ67: =SUMIF($C$8:$C$72, $AK67, $L$8:$L$72)+SUMIF($C$8:$C$72, $AK67, $M$8:$M$72)+SUMIF($C$8:$C$72, $AK67, $N$8:$N$72)+SUMIF($C$8:$C$72, $AK67, $O$8:$O$72) -> 0 | AR67: =AQ67*0.9 -> 0 | AS67: =SUM(AN67+AQ67) -> 0 | AT67: =AO67+AR67 -> 0 | AZ67: 대실 | BC67: 숙박
A68: 추가요금 | P68: 추가요금 | AK68: 트립 | AM68: =COUNTIF($R$8:$R$73, $AK68) -> 0 | AN68: =SUMIF($R$8:$R$73, $AK68, $Z$8:$Z$73)+SUMIF($R$8:$R$73, $AK68, $AB$8:$AB$73)+SUMIF($R$8:$R$73, $AK68, $AA$8:$AA$73)+SUMIF($R$8:$R$73, $AK68, $AE$8:$AE$73) -> 0 | AO68: =AN68*0.9 -> 0 | AP68: =COUNTIF($C$8:$C$73, $AK68) -> 0 | AQ68: =SUMIF($C$8:$C$72, $AK68, $L$8:$L$72)+SUMIF($C$8:$C$72, $AK68, $M$8:$M$72)+SUMIF($C$8:$C$72, $AK68, $N$8:$N$72)+SUMIF($C$8:$C$72, $AK68, $O$8:$O$72) -> 0 | AR68: =AQ68*0.9 -> 0 | AS68: =SUM(AN68+AQ68) -> 0 | AT68: =AO68+AR68 -> 0 | AZ68: =SUM(AN58+AN73) -> 0 | BC68: =AQ58+AQ73 -> 925000
AK69: 호텔나우 | AM69: =COUNTIF($R$8:$R$73, $AK69) -> 0 | AN69: =SUMIF($R$8:$R$73, $AK69, $Z$8:$Z$73)+SUMIF($R$8:$R$73, $AK69, $AB$8:$AB$73)+SUMIF($R$8:$R$73, $AK69, $AA$8:$AA$73)+SUMIF($R$8:$R$73, $AK69, $AE$8:$AE$73) -> 0 | AO69: =AN69*0.9 -> 0 | AP69: =COUNTIF($C$8:$C$73, $AK69) -> 0 | AQ69: =SUMIF($C$8:$C$72, $AK69, $L$8:$L$72)+SUMIF($C$8:$C$72, $AK69, $M$8:$M$72)+SUMIF($C$8:$C$72, $AK69, $N$8:$N$72)+SUMIF($C$8:$C$72, $AK69, $O$8:$O$72) -> 0 | AR69: =AQ69*0.9 -> 0 | AS69: =SUM(AN69+AQ69) -> 0 | AT69: =AO69+AR69 -> 0
AK70: 호텔타임 | AM70: =COUNTIF($R$8:$R$73, $AK70) -> 0 | AN70: =SUMIF($R$8:$R$73, $AK70, $Z$8:$Z$73)+SUMIF($R$8:$R$73, $AK70, $AB$8:$AB$73)+SUMIF($R$8:$R$73, $AK70, $AA$8:$AA$73)+SUMIF($R$8:$R$73, $AK70, $AE$8:$AE$73) -> 0 | AO70: =AN70*0.9 -> 0 | AP70: =COUNTIF($C$8:$C$73, $AK70) -> 0 | AQ70: =SUMIF($C$8:$C$72, $AK70, $L$8:$L$72)+SUMIF($C$8:$C$72, $AK70, $M$8:$M$72)+SUMIF($C$8:$C$72, $AK70, $N$8:$N$72)+SUMIF($C$8:$C$72, $AK70, $O$8:$O$72) -> 0 | AR70: =AQ70*0.9 -> 0 | AS70: =SUM(AN70+AQ70) -> 0 | AT70: =AO70+AR70 -> 0
AU71: 식음료/어메니티 총매출 | AZ71: =SUM(BC55) -> 4000
AM72: =COUNTIF($R$8:$R$73, $AK72) -> 0 | AN72: =SUMIF($R$8:$R$73, $AK72, $Z$8:$Z$73)+SUMIF($R$8:$R$73, $AK72, $AB$8:$AB$73)+SUMIF($R$8:$R$73, $AK72, $AA$8:$AA$73)+SUMIF($R$8:$R$73, $AK72, $AE$8:$AE$73) -> 0 | AP72: =COUNTIF($C$8:$C$73, $AK72) -> 0 | AQ72: =SUMIF($C$8:$C$72, $AK72, $L$8:$L$72)+SUMIF($C$8:$C$72, $AK72, $M$8:$M$72)+SUMIF($C$8:$C$72, $AK72, $N$8:$N$72)+SUMIF($C$8:$C$72, $AK72, $O$8:$O$72) -> 0 | AS72: =SUM(AN72+AQ72) -> 0 | AT72: =AO72+AR72 -> 0 | AU72: 총매출 | AZ72: =BD16 -> 929000
AI73: 소계 | AM73: =SUM(AM60:AM72) -> 0 | AN73: =SUM(AN60:AN72) -> 0 | AO73: =SUM(AO60:AO72) -> 0 | AP73: =SUM(AP60:AP72) -> 19 | AQ73: =SUM(AQ60:AQ72) -> 925000 | AR73: =SUM(AR60:AR72) -> 832500 | AS73: =SUM(AS60:AS72) -> 925000 | AT73: =SUM(AT60:AT72) -> 832500 | AU73: 순매출 | AZ73: =AS58+AT73 -> 832500

Sheet 3
A1: 객실판매일보 | P1: 근무자 | S1: 이정경 주간/양동건 대체/황경현 팀장 | Z1: 날짜 | AA1: 45903 | AI1: 일일영업현황보고서
A2: 일매출 | C2: =AZ72 -> 709000 | G2: 대실 | H2: =COUNTA($Z$8:$AE$67) -> 0 | M2: 숙박 | N2: =COUNTA($L$8:$O$67) -> 15 | Z2: 현금 시재 | AA2: 시작 | AB2: 371500 | AI2: 보고기준일 | AL2: ='3'!AA1 -> 45903 | AP2: 보고일자 | AS2: =AA1+1 -> 45904 | AZ2: 작성자 | BA2: =S1 -> 이정경 주간/양동건 대체/황경현 팀장
H3: =SUM(Z8:AE76)+AZ21 -> 0 | N3: =SUM(L8:O76)+AZ20 -> 709000 | AA3: 마감 | AB3: 371500
A4: 숙 박 | N4: =SUM(COUNTIF(B8:B67,{301,302,303,305,306,307,308,309,501,502,503,505,701,702,703,705,706,707,708,709})) -> 6 | O4: =SUM(COUNTIF(B8:B67,{201,202,203,205,206,207,208,209,506,507,508,509,601,602,603,605,606,607,608,609})) -> 0 | P4: 대 실 | AF4: =SUM(COUNTIF(S8:S67,{301,302,303,305,306,307,308,309,501,502,503,505,701,702,703,705,706,707,708,709})) -> 0 | AG4: =SUM(COUNTIF(S8:S67,{201,202,203,205,206,207,208,209,506,507,508,509,601,602,603,605,606,607,608,609})) -> 0
A5: 타입 | C5: C | D5: B | E5: AT | F5: AD | G5: SD | H5: ST | I5: V | J5: 특 | N5: 남은 객실 | P5: 매출보고 | R5: 현금 | S5: 계좌 | T5: 카드 | U5: 야놀자 | W5: 여기어때 | Y5: 네이버 | AA5: 부킹 | AB5: 아고다 | AC5: 익스피디아 | AD5: 트립 | AE5: 에어 | AF5: 호텔나우 | AG5: 호텔타임
A6: 잔여수량 | C6: =AL31 -> 0 | D6: =AN31 -> 1 | E6: =AP31 -> 9 | F6: =AR31 -> 1 | G6: =AS31 -> 6 | H6: =AU31 -> 4 | I6: =AW31 -> 4 | J6: =AX31 -> 0 | N6: =C6+D6+E6+F6+G6+H6+I6+J6+K6 -> 25 | P6: =C2 -> 709000 | R6: =AN14+AN15 -> 0 | S6: =AZ14+AZ15 -> 0 | T6: =AR14+AR15 -> 4000 | U6: =AS60 -> 260000 | W6: =AS61 -> 445000 | Y6: =AS62 -> 0 | AA6: =AS63 -> 0 | AB6: =AS66 -> 0 | AC6: =AS67 -> 0 | AD6: =SUMIFS(O7:O47,C7:C47,"트립") -> 0 | AE6: =AS65 -> 0 | AF6: =AS69 -> 0 | AG6: =AS70 -> 0
A7: 번호 | B7: 호실 | C7: 채널명 | D7: 고객명 | E7: 비고 | F7: 타입 | G7: 기간 | H7: 체크인 | I7: 체크아웃 | J7: 작성자 | K7: 비품 | L7: 현금 | M7: 카드 | N7: 계좌이체 | O7: 온라인 | P7: 번호 | Q7: 호실 | R7: 채널명 | S7: 고객명 | T7: 비고 | U7: 타입 | V7: 체크인 | W7: 체크아웃 | X7: 작성자 | Y7: 비품 | Z7: 현금 | AA7: 카드 | AB7: 계좌이체 | AE7: 온라인
A8: 1 | B8: 811 | C8: 야놀자 | D8: 류민철 | E8: 특가(랜덤) | F8: B | G8: 1 | H8: 15:00 | I8: 11:00 | O8: 60000 | P8: 1 | AI8: 총 매 출 | AK8: 구분 | AL8: 현금 | AP8: 카드 | AT8: 온라인 | AX8: 계좌이체 | BB8: 소계
A9: 2 | B9: 902 | C9: 체험단 | D9: 송주은 | E9: 무료 | F9: SD | G9: 1 | H9: 15:00 | I9: 11:00 | J9: 이 | O9: 0 | P9: 2 | AL9: 건수 | AN9: 금액 | AP9: 건수 | AR9: 금액 | AT9: 건수 | AV9: 금액 | AX9: 건수 | AZ9: 금액 | BB9: 건수 | BD9: 금액
A10: 3 | B10: 1111 | C10: 여기어때 | D10: 윤현선 | E10: 특가(랜덤) | F10: B | G10: 1 | H10: 15:00 | I10: 11:00 | J10: 이 | K10: 2 | O10: 60000 | P10: 3 | AK10: 숙박 | AL10: =COUNTA($L$8:$L$67) -> 0 | AN10: =SUM(L8:L67) -> 0 | AP10: =COUNT(M8:M67) -> 0 | AR10: =SUM(M8:M67) -> 0 | AT10: =COUNTA($O$8:$O$67) -> 15 | AV10: =SUM(O8:O67) -> 705000 | AX10: =COUNTA($N$8:$N$67) -> 0 | AZ10: =SUM(N8:N67) -> 0 | BB10: =SUM(AL10+AP10+AT10+AX10) -> 15 | BD10: =SUM(AN10+AR10+AV10+AZ10) -> 705000
A11: 4 | B11: 911 | C11: 여기어때 | D11: 홍성빈 | F11: B | G11: 1/2 | H11: 15:00 | I11: 11:00 | J11: 양 | O11: 130000 | P11: 4 | AK11: 대실 | AL11: =COUNTA($Z$8:$Z$67) -> 0 | AN11: =SUM(Z8:Z67) -> 0 | AP11: =COUNTA($AA$8:$AA$67) -> 0 | AR11: =SUM(AA8:AA67) -> 0 | AT11: =COUNTA($AE$8:$AE$67) -> 0 | AV11: =SUM(AE8:AE67) -> 0 | AX11: =COUNTA($AB$8:$AB$68) -> 0 | AZ11: =SUM(AB8:AB67) -> 0 | BB11: =SUM(AL11+AP11+AT11+AX11) -> 0 | BD11: =SUM(AN11+AR11+AV11+AZ11) -> 0
A12: 5 | B12: 805 | C12: 여기어때 | D12: 백종훈 | E12: C업그레이드 | F12: SD | G12: 1 | H12: 15:00 | I12: 11:00 | J12: 이 | O12: 65000 | P12: 5 | AK12: 추가숙박 | AL12: =COUNTA($L$68:$L$76) -> 0 | AN12: =SUM(L68:L76) -> 0 | AP12: =COUNTA($M$68:$M$76) -> 0 | AR12: =SUM(M68:M76) -> 0 | AT12: =COUNTA($O$68:$O$76) -> 0 | AV12: =SUM(O68:O76) -> 0 | AX12: =COUNTA($N$68:$N$76) -> 0 | AZ12: =SUM(N68:N76) -> 0 | BB12: =SUM(AL12+AP12+AT12+AX12) -> 0 | BD12: =SUM(AN12+AR12+AV12+AZ12) -> 0
A13: 6 | B13: 1216 | C13: 여기어때 | D13: 미고사 | E13: 특가(랜덤) | F13: AT | G13: 1 | H13: 15:00 | I13: 11:00 | J13: 이 | O13: 60000 | P13: 6 | AK13: 추가대실 | AL13: =COUNTA($Z$68:$Z$76) -> 0 | AN13: =SUM(Z68:Z76) -> 0 | AP13: =COUNTA($AA$68:$AA$76) -> 0 | AR13: =SUM(AA68:AA76) -> 0 | AT13: =COUNTA($AE$68:$AE$76) -> 0 | AV13: =SUM(AE68:AE76) -> 0 | AX13: =COUNTA($AB$68:$AB$76) -> 0 | AZ13: =SUM(AB68:AB76) -> 0 | BB13: =SUM(AL13+AP13+AT13+AX13) -> 0 | BD13: =SUM(AN13+AR13+AV13+AZ13) -> 0
A14: 7 | B14: 303 | C14: 여기어때 | D14: 이동욱 | E14: 특가(랜덤) | F14: C | G14: 1 | H14: 15:00 | I14: 11:00 | J14: 이 | O14: 60000 | P14: 7 | AK14: 소계 | AL14: =SUM(AL10:AM11) -> 0 | AN14: =SUM(AN10:AO13) -> 0 | AP14: =SUM(AP10:AQ11) -> 0 | AR14: =SUM(AR10:AS13) -> 0 | AT14: =SUM(AT10:AU11) -> 15 | AV14: =SUM(AV10:AW13) -> 705000 | AX14: =SUM(AX10:AY11) -> 0 | AZ14: =SUM(AZ10:BA13) -> 0 | BB14: =SUM(AL14+AP14+AT14+AX14) -> 15 | BD14: =SUM(BD10:BE13) -> 705000
A15: 8 | B15: 1210 | C15: 야놀자 | D15: 정우진 | F15: V | G15: 1 | H15: 15:00 | I15: 11:00 | J15: 이 | O15: 80000 | P15: 8 | AK15: 어메니티 | AL15: =AL24 -> 0 | AN15: =AN24 -> 0 | AP15: =AP24 -> 2 | AR15: =AR24 -> 4000 | AX15: =AT24 -> 0 | AZ15: =AV24 -> 0 | BB15: =AX24 -> 2 | BD15: =SUM(AN15+AR15+AV15+AZ15) -> 4000
A16: 9 | B16: 307 | C16: 야놀자 | D16: 우다현 | E16: 특가(랜덤) | F16: C | G16: 1 | H16: 15:00 | I16: 11:00 | J16: 이 | O16: 60000 | P16: 9 | BB16: 총합계 | BD16: =BD14+BD15 -> 709000
A17: 10 | B17: 809 | C17: 야놀자 | D17: 최홍석 | E17: 특가(랜덤) | F17: SD | G17: 1 | H17: 15:00 | I17: 11:00 | J17: 이 | O17: 60000 | P17: 10
A18: 11 | B18: 1105 | C18: 여기어때 | D18: 홍석진 | F18: AD | G18: 1 | H18: 15:00 | I18: 11:00 | J18: 이 | K18: 2 | O18: 70000 | P18: 11 | AI18: 어메니티 판매현황 | AK18: 구분 | AL18: 현금 (1) | AP18: 카드 (2) | AT18: 계좌이체 (3) | AX18: 소계
A19: 12 | P19: 12 | AL19: 건수 | AN19: 금액 | AP19: 건수 | AR19: 금액 | AT19: 건수 | AV19: 금액 | AX19: 건수 | AZ19: 금액
A20: 13 | P20: 13 | AK20: 숙박 | AL20: =COUNTIF(K7:K67,1) -> 0 | AN20: =AL20*2000 -> 0 | AP20: =COUNTIF(K7:K67,2) -> 2 | AR20: =AP20*2000 -> 4000 | AT20: =COUNTIF(K8:K67,3) -> 0 | AV20: =AT20*2000 -> 0 | AX20: =SUM(AL20+AP20+AT20) -> 2 | AZ20: =SUM(AJ20+AN20+AR20+AV20) -> 4000
A21: 14 | P21: 14 | AK21: 대실 | AL21: =COUNTIF(Y7:Y67,1) -> 0 | AN21: =AL21*2000 -> 0 | AP21: =COUNTIF(Y7:Y67,2) -> 0 | AR21: =AP21*2000 -> 0 | AT21: =COUNTIF(Y8:Y67,3) -> 0 | AV21: =AT21*2000 -> 0 | AX21: =SUM(AL21+AP21+AT21) -> 0 | AZ21: =SUM(AJ21+AN21+AR21+AV21) -> 0
A22: 15 | P22: 15 | AK22: 추가 | AX22: =SUM(AL22+AP22+AT22) -> 0 | AZ22: =SUM(AJ22+AN22+AR22+AV22) -> 0
A23: 16 | P23: 16 | AX23: =SUM(AH23+AL23+AP23+AT23) -> 0 | AZ23: =SUM(AJ23+AN23+AR23+AV23) -> 0
A24: 17 | P24: 17 | AK24: 소계 | AL24: =SUM(AL20:AM23) -> 0 | AN24: =SUM(AN20:AO23) -> 0 | AP24: =SUM(AP20:AQ23) -> 2 | AR24: =SUM(AR20:AS23) -> 4000 | AT24: =SUM(AT20:AU23) -> 0 | AV24: =SUM(AV20:AW23) -> 0 | AX24: =SUM(AH24+AL24+AP24+AT24) -> 2 | AZ24: =SUM(AZ20:BA23) -> 4000
A25: 18 | P25: 18
A26: 19 | P26: 19
A27: 20 | P27: 20 | AJ27: 객실 타입 별 예약 현황
A28: 21 | P28: 21 | AJ28: 타입 | AL28: C | AN28: B | AP28: AT | AR28: AD | AS28: SD | AU28: ST | AW28: V | AX28: 특
A29: 22 | P29: 22 | AJ29: 기준수량 | AL29: 5 | AN29: 4 | AP29: 10 | AR29: 2 | AS29: 9 | AU29: 5 | AW29: 5 | AX29: 0 | AZ29: 0
A30: 23 | P30: 23 | AJ30: 예약수량 | AL30: =COUNTIF(F8:F67,"c") -> 5 | AN30: =COUNTIF(F8:F67,"b") -> 3 | AP30: =COUNTIF(F8:F67,"at") -> 1 | AR30: =COUNTIF(F8:F67,"aD") -> 1 | AS30: =COUNTIF(F8:F67,"sd") -> 3 | AU30: =COUNTIF(F8:F67,"st") -> 1 | AW30: =COUNTIF(F8:F67,"v") -> 1 | AX30: =COUNTIF(F8:F67,"PA") -> 0 | AZ30: =COUNTIF(F8:F67,"특") -> 0
A31: 24 | P31: 24 | AJ31: 잔여수량 | AL31: =AL29-AL30 -> 0 | AN31: =AN29-AN30 -> 1 | AP31: =AP29-AP30 -> 9 | AR31: =AR29-AR30 -> 1 | AS31: =AS29-AS30 -> 6 | AU31: =AU29-AU30 -> 4 | AW31: =AW29-AW30 -> 4 | AX31: =AX29-AX30 -> 0 | AZ31: =AZ29-AZ30 -> 0
A32: 25 | P32: 25 | AK32: `
A33: 26 | P33: 26
A34: 27 | P34: 27
A35: 28 | P35: 28
A36: 29 | P36: 29
A37: 30 | P37: 30
A38: 31 | P38: 31
A39: 32 | P39: 32
A40: 33 | P40: 33
A41: 34 | P41: 34
A42: 35 | P42: 35
A43: 36 | P43: 36
A44: 37 | B44: 702 | C44: 아고다 | D44: Romana/Graham | F44: ST | G44: 7/9 | H44: 15:00 | I44: 11:00 | J44: 이 | O44: 0 | P44: 37
A45: 38 | B45: 308 | C45: 아고다 | D45: 박양숙1 | F45: C | G45: 3/3 | H45: 15:00 | I45: 11:00 | J45: 이 | O45: 0 | P45: 38
A46: 39 | B46: 309 | C46: 아고다 | D46: 박양숙2 | F46: C | G46: 3/3 | H46: 15:00 | I46: 11:00 | J46: 이 | O46: 0 | P46: 39
A47: 40 | B47: 305 | C47: 여기어때 | D47: 이승한 | F47: C | G47: 4/5 | H47: 15:00 | I47: 11:00 | J47: 양 | O47: 0 | P47: 40
A48: 41 | P48: 41
A49: 42 | P49: 42
A50: 43 | P50: 43 | AI50: 2. 영업분석표
A51: 44 | P51: 44 | AI51: 구분 | AK51: 상세 | AM51: 대실 | AP51: 숙박 | AS51: 총 합계 | AU51: 구분 | AW51: 식 / 음료 | BC51: 총 합계
A52: 45 | P52: 45 | AK52: 건 | AM52: 건 | AN52: 금액 | AP52: 건 | AQ52: 금액 | AW52: 품목 | BA52: 건
A53: 46 | P53: 46 | AI53: 오프라인 | AK53: 워크인 | AM53: =COUNTIF($R$8:$R$67, "워크인") -> 0 | AN53: =SUMIF($R$8:$R$73, "워크인", $AE$8:$AE$73)+SUMIF($R$8:$R$73, "워크인", $AB$8:$AB$73)+SUMIF($R$8:$R$73, "워크인", $AA$8:$AA$73)+SUMIF($R$8:$R$73, "워크인", $Z$8:$Z$73) -> 0 | AP53: =COUNTIF($C$8:$C$67, "워크인") -> 0 | AQ53: =SUMIF($C$8:$C$72, "워크인", $L$8:$L$72)+SUMIF($C$8:$C$72, "워크인", $M$8:$M$72)+SUMIF($C$8:$C$72, "워크인", $N$8:$N$72)+SUMIF($C$8:$C$72, "워크인", $O$8:$O$72) -> 0 | AS53: =SUM(AN53+AQ53) -> 0 | AU53: 식음료 | AW53: 맥주
A54: 47 | P54: 47 | AK54: 무료 | AM54: =COUNTIF($R$8:$R$73, "무료") -> 0 | AN54: =SUMIF($R$8:$R$73, "무료", $AE$8:$AE$73)+SUMIF($R$8:$R$73, "무료", $AB$8:$AB$73)+SUMIF($R$8:$R$73, "무료", $AA$8:$AA$73)+SUMIF($R$8:$R$73, "무료", $Z$8:$Z$73) -> 0 | AP54: =COUNTIF($C$8:$C$76, "무료") -> 0 | AQ54: =SUMIF($C$8:$C$72, "무료", $L$8:$L$72)+SUMIF($C$8:$C$72, "무료", $M$8:$M$72)+SUMIF($C$8:$C$72, "무료", $N$8:$N$72)+SUMIF($C$8:$C$72, "무료", $O$8:$O$72) -> 0 | AS54: =SUM(AN54+AQ54) -> 0 | AW54: 어메니티 | BA54: =AX24 -> 2 | BC54: =AZ24 -> 4000
A55: 48 | P55: 48 | AK55: 계좌 | AM55: =COUNTIF($R$8:$R$73, "계좌") -> 0 | AN55: =SUMIF($R$8:$R$73, "계좌", $AE$8:$AE$73)+SUMIF($R$8:$R$73, "계좌", $AB$8:$AB$73)+SUMIF($R$8:$R$73, "계좌", $AA$8:$AA$73)+SUMIF($R$8:$R$73, "계좌", $Z$8:$Z$73) -> 0 | AP55: =COUNTIF($C$8:$C$76, "계좌") -> 0 | AQ55: =SUMIF($C$8:$C$72, "계좌", $L$8:$L$72)+SUMIF($C$8:$C$72, "계좌", $M$8:$M$72)+SUMIF($C$8:$C$72, "계좌", $N$8:$N$72)+SUMIF($C$8:$C$72, "계좌", $O$8:$O$72) -> 0 | AS55: =SUM(AN55+AQ55) -> 0 | AW55: 합계 | BA55: =SUM(BA53:BB54) -> 2 | BC55: =SUM(BC53:BE54) -> 4000
A56: 49 | P56: 49 | AI56: 그외 | AM56: =COUNTIF($R$8:$R$73, "부킹닷컴") -> 0 | AN56: =SUMIF($R$8:$R$73, "부킹닷컴", $AE$8:$AE$73)+SUMIF($R$8:$R$73, "부킹닷컴", $AB$8:$AB$73)+SUMIF($R$8:$R$73, "부킹닷컴", $AA$8:$AA$73)+SUMIF($R$8:$R$73, "부킹닷컴", $Z$8:$Z$73) -> 0 | AP56: =COUNTIF($C$8:$C$76, "부킹닷컴") -> 0 | AQ56: =SUMIF($C$8:$C$72, "부킹닷컴", $L$8:$L$72)+SUMIF($C$8:$C$72, "부킹닷컴", $M$8:$M$72)+SUMIF($C$8:$C$72, "부킹닷컴", $N$8:$N$72)+SUMIF($C$8:$C$72, "부킹닷컴", $O$8:$O$72) -> 0 | AS56: =SUM(AN56+AQ56) -> 0
A57: 50 | P57: 50 | AK57: 추가 | AN57: =SUMIF($R$68:$R$72, "추가", $AA$68:$AA$72)+SUMIF($R$68:$R$72, "추가", $Z$68:$Z$72) -> 0 | AQ57: =SUMIF($C$68:$C$72, "추가", $L$68:$L$72)+SUMIF($C$68:$C$72, "추가", $M$68:$M$72)+SUMIF($C$68:$C$72, "추가", $N$68:$N$72)+SUMIF($C$68:$C$72, "추가", $O$68:$O$72) -> 0 | AS57: =SUM(AN57+AQ57) -> 0
A58: 51 | P58: 51 | AI58: 소계 | AM58: =SUM(AM53:AM56) -> 0 | AN58: =SUM(AN53:AO57) -> 0 | AP58: =SUM(AP53:AP57) -> 0 | AQ58: =SUM(AQ53:AR57) -> 0 | AS58: =SUM(AS53:AT57) -> 0
A59: 52 | P59: 52 | AI59: 온라인 | AK59: 채널명 | AM59: 건수 | AN59: 판매가 | AO59: 입금가 | AP59: 건수 | AQ59: 판매가 | AR59: 입금가 | AS59: 판매합계 | AT59: 입금합계 | AU59: 고객연령 | AW59: 20 | BB59: =COUNTIF($K$8:$K$67, "20")+COUNTIF($Y$8:$Y$67, "20") -> 0
A60: 53 | P60: 53 | AK60: 야놀자 | AM60: =COUNTIF($R$8:$R$73, $AK60) -> 0 | AN60: =SUMIF($R$8:$R$73, $AK60, $Z$8:$Z$73)+SUMIF($R$8:$R$73, $AK60, $AB$8:$AB$73)+SUMIF($R$8:$R$73, $AK60, $AA$8:$AA$73)+SUMIF($R$8:$R$73, $AK60, $AE$8:$AE$73) -> 0 | AO60: =AN60*0.9 -> 0 | AP60: =COUNTIF($C$8:$C$73, $AK60) -> 4 | AQ60: =SUMIF($C$8:$C$72, $AK60, $L$8:$L$72)+SUMIF($C$8:$C$72, $AK60, $M$8:$M$72)+SUMIF($C$8:$C$72, $AK60, $N$8:$N$72)+SUMIF($C$8:$C$72, $AK60, $O$8:$O$72) -> 260000 | AR60: =AQ60*0.9 -> 234000 | AS60: =SUM(AN60+AQ60) -> 260000 | AT60: =AO60+AR60 -> 234000 | AW60: 30 | BB60: =COUNTIF($K$8:$K$67, "30")+COUNTIF($Y$8:$Y$67, "30") -> 0
A61: 54 | P61: 54 | AK61: 여기어때 | AM61: =COUNTIF($R$8:$R$73, $AK61) -> 0 | AN61: =SUMIF($R$8:$R$73, $AK61, $Z$8:$Z$73)+SUMIF($R$8:$R$73, $AK61, $AB$8:$AB$73)+SUMIF($R$8:$R$73, $AK61, $AA$8:$AA$73)+SUMIF($R$8:$R$73, $AK61, $AE$8:$AE$73) -> 0 | AO61: =AN61*0.9 -> 0 | AP61: =COUNTIF($C$8:$C$73, $AK61) -> 7 | AQ61: =SUMIF($C$8:$C$72, $AK61, $L$8:$L$72)+SUMIF($C$8:$C$72, $AK61, $M$8:$M$72)+SUMIF($C$8:$C$72, $AK61, $N$8:$N$72)+SUMIF($C$8:$C$72, $AK61, $O$8:$O$72) -> 445000 | AR61: =AQ61*0.9 -> 400500 | AS61: =SUM(AN61+AQ61) -> 445000 | AT61: =AO61+AR61 -> 400500 | AW61: 40 | BB61: =COUNTIF($K$8:$K$67, "40")+COUNTIF($Y$8:$Y$67, "40") -> 0
A62: 55 | P62: 55 | AK62: 네이버 | AM62: =COUNTIF($R$8:$R$73, $AK62) -> 0 | AN62: =SUMIF($R$8:$R$73, $AK62, $Z$8:$Z$73)+SUMIF($R$8:$R$73, $AK62, $AB$8:$AB$73)+SUMIF($R$8:$R$73, $AK62, $AA$8:$AA$73)+SUMIF($R$8:$R$73, $AK62, $AE$8:$AE$73) -> 0 | AO62: =AN62*0.9 -> 0 | AP62: =COUNTIF($C$8:$C$73, $AK62) -> 0 | AQ62: =SUMIF($C$8:$C$72, $AK62, $L$8:$L$72)+SUMIF($C$8:$C$72, $AK62, $M$8:$M$72)+SUMIF($C$8:$C$72, $AK62, $N$8:$N$72)+SUMIF($C$8:$C$72, $AK62, $O$8:$O$72) -> 0 | AR62: =AQ62*0.9 -> 0 | AS62: =SUM(AN62+AQ62) -> 0 | AT62: =AO62+AR62 -> 0 | AW62: 50 | BB62: =COUNTIF($K$8:$K$67, "50")+COUNTIF($Y$8:$Y$67, "50") -> 0
A63: 56 | P63: 56 | AK63: 부킹 | AM63: =COUNTIF($R$8:$R$73, $AK63) -> 0 | AN63: =SUMIF($R$8:$R$73, $AK63, $Z$8:$Z$73)+SUMIF($R$8:$R$73, $AK63, $AB$8:$AB$73)+SUMIF($R$8:$R$73, $AK63, $AA$8:$AA$73)+SUMIF($R$8:$R$73, $AK63, $AE$8:$AE$73) -> 0 | AO63: =AN63*0.9 -> 0 | AP63: =COUNTIF($C$8:$C$73, $AK63) -> 0 | AQ63: =SUMIF($C$8:$C$72, $AK63, $L$8:$L$72)+SUMIF($C$8:$C$72, $AK63, $M$8:$M$72)+SUMIF($C$8:$C$72, $AK63, $N$8:$N$72)+SUMIF($C$8:$C$72, $AK63, $O$8:$O$72) -> 0 | AR63: =AQ63*0.9 -> 0 | AS63: =SUM(AN63+AQ63) -> 0 | AT63: =AO63+AR63 -> 0 | AW63: 60 | BB63: =COUNTIF($K$8:$K$67, "60")+COUNTIF($Y$8:$Y$67, "60") -> 0
A64: 57 | P64: 57 | AK64: 꿀스 | AM64: =COUNTIF($R$8:$R$73, $AK64) -> 0 | AN64: =SUMIF($R$8:$R$73, $AK64, $Z$8:$Z$73)+SUMIF($R$8:$R$73, $AK64, $AB$8:$AB$73)+SUMIF($R$8:$R$73, $AK64, $AA$8:$AA$73)+SUMIF($R$8:$R$73, $AK64, $AE$8:$AE$73) -> 0 | AO64: =AN64*0.9 -> 0 | AP64: =COUNTIF($C$8:$C$73, $AK64) -> 0 | AQ64: =SUMIF($C$8:$C$72, $AK64, $L$8:$L$72)+SUMIF($C$8:$C$72, $AK64, $M$8:$M$72)+SUMIF($C$8:$C$72, $AK64, $N$8:$N$72)+SUMIF($C$8:$C$72, $AK64, $O$8:$O$72) -> 0 | AR64: =AQ64*0.9 -> 0 | AS64: =SUM(AN64+AQ64) -> 0 | AT64: =AO64+AR64 -> 0 | AU64: 방문유형 | AW64: W | BB64: =COUNTIF($J$8:$J$67, "w")+COUNTIF($X$8:$X$67, "w") -> 0
A65: 58 | P65: 58 | AK65: 에어 | AM65: =COUNTIF($R$8:$R$73, $AK65) -> 0 | AN65: =SUMIF($R$8:$R$73, $AK65, $Z$8:$Z$73)+SUMIF($R$8:$R$73, $AK65, $AB$8:$AB$73)+SUMIF($R$8:$R$73, $AK65, $AA$8:$AA$73)+SUMIF($R$8:$R$73, $AK65, $AE$8:$AE$73) -> 0 | AO65: =AN65*0.9 -> 0 | AP65: =COUNTIF($C$8:$C$73, $AK65) -> 0 | AQ65: =SUMIF($C$8:$C$72, $AK65, $L$8:$L$72)+SUMIF($C$8:$C$72, $AK65, $M$8:$M$72)+SUMIF($C$8:$C$72, $AK65, $N$8:$N$72)+SUMIF($C$8:$C$72, $AK65, $O$8:$O$72) -> 0 | AR65: =AQ65*0.9 -> 0 | AS65: =SUM(AN65+AQ65) -> 0 | AT65: =AO65+AR65 -> 0 | AW65: C | BB65: =COUNTIF($J$8:$J$67, "c")+COUNTIF($X$8:$X$67, "c") -> 0
A66: 59 | P66: 59 | AK66: 아고다 | AM66: =COUNTIF($R$8:$R$73, $AK66) -> 0 | AN66: =SUMIF($R$8:$R$73, $AK66, $Z$8:$Z$73)+SUMIF($R$8:$R$73, $AK66, $AB$8:$AB$73)+SUMIF($R$8:$R$73, $AK66, $AA$8:$AA$73)+SUMIF($R$8:$R$73, $AK66, $AE$8:$AE$73) -> 0 | AO66: =AN66*0.9 -> 0 | AP66: =COUNTIF($C$8:$C$73, $AK66) -> 3 | AQ66: =SUMIF($C$8:$C$72, $AK66, $L$8:$L$72)+SUMIF($C$8:$C$72, $AK66, $M$8:$M$72)+SUMIF($C$8:$C$72, $AK66, $N$8:$N$72)+SUMIF($C$8:$C$72, $AK66, $O$8:$O$72) -> 0 | AR66: =AQ66*0.9 -> 0 | AS66: =SUM(AN66+AQ66) -> 0 | AT66: =AO66+AR66 -> 0
A67: 60 | P67: 60 | AK67: 익스피디아 | AM67: =COUNTIF($R$8:$R$73, $AK67) -> 0 | AN67: =SUMIF($R$8:$R$73, $AK67, $Z$8:$Z$73)+SUMIF($R$8:$R$73, $AK67, $AB$8:$AB$73)+SUMIF($R$8:$R$73, $AK67, $AA$8:$AA$73)+SUMIF($R$8:$R$73, $AK67, $AE$8:$AE$73) -> 0 | AO67: =AN67*0.9 -> 0 | AP67: =COUNTIF($C$8:$C$73, $AK67) -> 0 | AQ67: =SUMIF($C$8:$C$72, $AK67, $L$8:$L$72)+SUMIF($C$8:$C$72, $AK67, $M$8:$M$72)+SUMIF($C$8:$C$72, $AK67, $N$8:$N$72)+SUMIF($C$8:$C$72, $AK67, $O$8:$O$72) -> 0 | AR67: =AQ67*0.9 -> 0 | AS67: =SUM(AN67+AQ67) -> 0 | AT67: =AO67+AR67 -> 0 | AZ67: 대실 | BC67: 숙박
A68: 추가요금 | P68: 추가요금 | AK68: 트립 | AM68: =COUNTIF($R$8:$R$73, $AK68) -> 0 | AN68: =SUMIF($R$8:$R$73, $AK68, $Z$8:$Z$73)+SUMIF($R$8:$R$73, $AK68, $AB$8:$AB$73)+SUMIF($R$8:$R$73, $AK68, $AA$8:$AA$73)+SUMIF($R$8:$R$73, $AK68, $AE$8:$AE$73) -> 0 | AO68: =AN68*0.9 -> 0 | AP68: =COUNTIF($C$8:$C$73, $AK68) -> 0 | AQ68: =SUMIF($C$8:$C$72, $AK68, $L$8:$L$72)+SUMIF($C$8:$C$72, $AK68, $M$8:$M$72)+SUMIF($C$8:$C$72, $AK68, $N$8:$N$72)+SUMIF($C$8:$C$72, $AK68, $O$8:$O$72) -> 0 | AR68: =AQ68*0.9 -> 0 | AS68: =SUM(AN68+AQ68) -> 0 | AT68: =AO68+AR68 -> 0 | AZ68: =SUM(AN58+AN73) -> 0 | BC68: =AQ58+AQ73 -> 705000
AK69: 호텔나우 | AM69: =COUNTIF($R$8:$R$73, $AK69) -> 0 | AN69: =SUMIF($R$8:$R$73, $AK69, $Z$8:$Z$73)+SUMIF($R$8:$R$73, $AK69, $AB$8:$AB$73)+SUMIF($R$8:$R$73, $AK69, $AA$8:$AA$73)+SUMIF($R$8:$R$73, $AK69, $AE$8:$AE$73) -> 0 | AO69: =AN69*0.9 -> 0 | AP69: =COUNTIF($C$8:$C$73, $AK69) -> 0 | AQ69: =SUMIF($C$8:$C$72, $AK69, $L$8:$L$72)+SUMIF($C$8:$C$72, $AK69, $M$8:$M$72)+SUMIF($C$8:$C$72, $AK69, $N$8:$N$72)+SUMIF($C$8:$C$72, $AK69, $O$8:$O$72) -> 0 | AR69: =AQ69*0.9 -> 0 | AS69: =SUM(AN69+AQ69) -> 0 | AT69: =AO69+AR69 -> 0
AK70: 호텔타임 | AM70: =COUNTIF($R$8:$R$73, $AK70) -> 0 | AN70: =SUMIF($R$8:$R$73, $AK70, $Z$8:$Z$73)+SUMIF($R$8:$R$73, $AK70, $AB$8:$AB$73)+SUMIF($R$8:$R$73, $AK70, $AA$8:$AA$73)+SUMIF($R$8:$R$73, $AK70, $AE$8:$AE$73) -> 0 | AO70: =AN70*0.9 -> 0 | AP70: =COUNTIF($C$8:$C$73, $AK70) -> 0 | AQ70: =SUMIF($C$8:$C$72, $AK70, $L$8:$L$72)+SUMIF($C$8:$C$72, $AK70, $M$8:$M$72)+SUMIF($C$8:$C$72, $AK70, $N$8:$N$72)+SUMIF($C$8:$C$72, $AK70, $O$8:$O$72) -> 0 | AR70: =AQ70*0.9 -> 0 | AS70: =SUM(AN70+AQ70) -> 0 | AT70: =AO70+AR70 -> 0
AU71: 식음료/어메니티 총매출 | AZ71: =SUM(BC55) -> 4000
AM72: =COUNTIF($R$8:$R$73, $AK72) -> 0 | AN72: =SUMIF($R$8:$R$73, $AK72, $Z$8:$Z$73)+SUMIF($R$8:$R$73, $AK72, $AB$8:$AB$73)+SUMIF($R$8:$R$73, $AK72, $AA$8:$AA$73)+SUMIF($R$8:$R$73, $AK72, $AE$8:$AE$73) -> 0 | AP72: =COUNTIF($C$8:$C$73, $AK72) -> 0 | AQ72: =SUMIF($C$8:$C$72, $AK72, $L$8:$L$72)+SUMIF($C$8:$C$72, $AK72, $M$8:$M$72)+SUMIF($C$8:$C$72, $AK72, $N$8:$N$72)+SUMIF($C$8:$C$72, $AK72, $O$8:$O$72) -> 0 | AS72: =SUM(AN72+AQ72) -> 0 | AT72: =AO72+AR72 -> 0 | AU72: 총매출 | AZ72: =BD16 -> 709000
AI73: 소계 | AM73: =SUM(AM60:AM72) -> 0 | AN73: =SUM(AN60:AN72) -> 0 | AO73: =SUM(AO60:AO72) -> 0 | AP73: =SUM(AP60:AP72) -> 14 | AQ73: =SUM(AQ60:AQ72) -> 705000 | AR73: =SUM(AR60:AR72) -> 634500 | AS73: =SUM(AS60:AS72) -> 705000 | AT73: =SUM(AT60:AT72) -> 634500 | AU73: 순매출 | AZ73: =AS58+AT73 -> 634500

Sheet 4
A1: 객실판매일보 | P1: 근무자 | S1: 이정경 주간/양동건 대체/김선우 야간 | Z1: 날짜 | AA1: 45904 | AI1: 일일영업현황보고서
A2: 일매출 | C2: =AZ72 -> 625300 | G2: 대실 | H2: =COUNTA($Z$8:$AE$67) -> 0 | M2: 숙박 | N2: =COUNTA($L$8:$O$67) -> 12 | Z2: 현금 시재 | AA2: 시작 | AB2: 371500 | AI2: 보고기준일 | AL2: ='4'!AA1 -> 45904 | AP2: 보고일자 | AS2: =AA1+1 -> 45905 | AZ2: 작성자 | BA2: =S1 -> 이정경 주간/양동건 대체/김선우 야간
H3: =SUM(Z8:AE76)+AZ21 -> 0 | N3: =SUM(L8:O76)+AZ20 -> 625300 | AA3: 마감 | AB3: 371500
A4: 숙 박 | N4: =SUM(COUNTIF(B8:B67,{301,302,303,305,306,307,308,309,501,502,503,505,701,702,703,705,706,707,708,709})) -> 5 | O4: =SUM(COUNTIF(B8:B67,{201,202,203,205,206,207,208,209,506,507,508,509,601,602,603,605,606,607,608,609})) -> 0 | P4: 대 실 | AF4: =SUM(COUNTIF(S8:S67,{301,302,303,305,306,307,308,309,501,502,503,505,701,702,703,705,706,707,708,709})) -> 0 | AG4: =SUM(COUNTIF(S8:S67,{201,202,203,205,206,207,208,209,506,507,508,509,601,602,603,605,606,607,608,609})) -> 0
A5: 타입 | C5: C | D5: B | E5: AT | F5: AD | G5: SD | H5: ST | I5: V | J5: 특 | N5: 남은 객실 | P5: 매출보고 | R5: 현금 | S5: 계좌 | T5: 카드 | U5: 야놀자 | W5: 여기어때 | Y5: 네이버 | AA5: 부킹 | AB5: 아고다 | AC5: 익스피디아 | AD5: 트립 | AE5: 에어 | AF5: 호텔나우 | AG5: 호텔타임
A6: 잔여수량 | C6: =AL31 -> 1 | D6: =AN31 -> 2 | E6: =AP31 -> 8 | F6: =AR31 -> 2 | G6: =AS31 -> 8 | H6: =AU31 -> 4 | I6: =AW31 -> 3 | J6: =AX31 -> 0 | N6: =C6+D6+E6+F6+G6+H6+I6+J6+K6 -> 28 | P6: =C2 -> 625300 | R6: =AN14+AN15 -> 0 | S6: =AZ14+AZ15 -> 0 | T6: =AR14+AR15 -> 4000 | U6: =AS60 -> 280000 | W6: =AS61 -> 275000 | Y6: =AS62 -> 0 | AA6: =AS63 -> 0 | AB6: =AS66 -> 66300 | AC6: =AS67 -> 0 | AD6: =SUMIFS(O7:O47,C7:C47,"트립") -> 0 | AE6: =AS65 -> 0 | AF6: =AS69 -> 0 | AG6: =AS70 -> 0
A7: 번호 | B7: 호실 | C7: 채널명 | D7: 고객명 | E7: 비고 | F7: 타입 | G7: 기간 | H7: 체크인 | I7: 체크아웃 | J7: 작성자 | K7: 비품 | L7: 현금 | M7: 카드 | N7: 계좌이체 | O7: 온라인 | P7: 번호 | Q7: 호실 | R7: 채널명 | S7: 고객명 | T7: 비고 | U7: 타입 | V7: 체크인 | W7: 체크아웃 | X7: 작성자 | Y7: 비품 | Z7: 현금 | AA7: 카드 | AB7: 계좌이체 | AE7: 온라인
A8: 1 | B8: 907 | C8: 리뷰체험단 | D8: 방지은 | F8: SD | G8: 1 | H8: 15:00 | I8: 11:00 | J8: 김 | O8: 0 | P8: 1 | AI8: 총 매 출 | AK8: 구분 | AL8: 현금 | AP8: 카드 | AT8: 온라인 | AX8: 계좌이체 | BB8: 소계
A9: 2 | B9: 1110 | C9: 야놀자 | D9: 전상훈 | F9: V | G9: 1 | H9: 15:00 | I9: 11:00 | J9: 김 | O9: 80000 | P9: 2 | AL9: 건수 | AN9: 금액 | AP9: 건수 | AR9: 금액 | AT9: 건수 | AV9: 금액 | AX9: 건수 | AZ9: 금액 | BB9: 건수 | BD9: 금액
A10: 3 | B10: 1011 | C10: 여기어때 | D10: 전경민 | F10: B | G10: 1/2 | H10: 15:00 | I10: 11:00 | J10: 양 | K10: 2 | O10: 150000 | P10: 3 | AK10: 숙박 | AL10: =COUNTA($L$8:$L$67) -> 0 | AN10: =SUM(L8:L67) -> 0 | AP10: =COUNT(M8:M67) -> 0 | AR10: =SUM(M8:M67) -> 0 | AT10: =COUNTA($O$8:$O$67) -> 12 | AV10: =SUM(O8:O67) -> 621300 | AX10: =COUNTA($N$8:$N$67) -> 0 | AZ10: =SUM(N8:N67) -> 0 | BB10: =SUM(AL10+AP10+AT10+AX10) -> 12 | BD10: =SUM(AN10+AR10+AV10+AZ10) -> 621300
A11: 4 | B11: 303 | C11: 야놀자 | D11: 김영훈 | E11: 특가(랜덤) | F11: C | G11: 1 | H11: 15:00 | I11: 11:00 | J11: 이 | O11: 60000 | P11: 4 | AK11: 대실 | AL11: =COUNTA($Z$8:$Z$67) -> 0 | AN11: =SUM(Z8:Z67) -> 0 | AP11: =COUNTA($AA$8:$AA$67) -> 0 | AR11: =SUM(AA8:AA67) -> 0 | AT11: =COUNTA($AE$8:$AE$67) -> 0 | AV11: =SUM(AE8:AE67) -> 0 | AX11: =COUNTA($AB$8:$AB$68) -> 0 | AZ11: =SUM(AB8:AB67) -> 0 | BB11: =SUM(AL11+AP11+AT11+AX11) -> 0 | BD11: =SUM(AN11+AR11+AV11+AZ11) -> 0
A12: 5 | B12: 1210 | C12: 야놀자 | D12: 정우진 | F12: V | G12: 1 | H12: 15:00 | I12: 11:00 | J12: 이 | O12: 80000 | P12: 5 | AK12: 추가숙박 | AL12: =COUNTA($L$68:$L$76) -> 0 | AN12: =SUM(L68:L76) -> 0 | AP12: =COUNTA($M$68:$M$76) -> 0 | AR12: =SUM(M68:M76) -> 0 | AT12: =COUNTA($O$68:$O$76) -> 0 | AV12: =SUM(O68:O76) -> 0 | AX12: =COUNTA($N$68:$N$76) -> 0 | AZ12: =SUM(N68:N76) -> 0 | BB12: =SUM(AL12+AP12+AT12+AX12) -> 0 | BD12: =SUM(AN12+AR12+AV12+AZ12) -> 0
A13: 6 | B13: 309 | C13: 아고다 | D13: 유자은 | F13: C | G13: 1 | H13: 15:00 | I13: 11:00 | J13: 이 | O13: 66300 | P13: 6 | AK13: 추가대실 | AL13: =COUNTA($Z$68:$Z$76) -> 0 | AN13: =SUM(Z68:Z76) -> 0 | AP13: =COUNTA($AA$68:$AA$76) -> 0 | AR13: =SUM(AA68:AA76) -> 0 | AT13: =COUNTA($AE$68:$AE$76) -> 0 | AV13: =SUM(AE68:AE76) -> 0 | AX13: =COUNTA($AB$68:$AB$76) -> 0 | AZ13: =SUM(AB68:AB76) -> 0 | BB13: =SUM(AL13+AP13+AT13+AX13) -> 0 | BD13: =SUM(AN13+AR13+AV13+AZ13) -> 0
A14: 7 | B14: 308 | C14: 여기어때 | D14: 백종훈 | F14: C | G14: 1 | H14: 15:00 | I14: 11:00 | J14: 이 | O14: 65000 | P14: 7 | AK14: 소계 | AL14: =SUM(AL10:AM11) -> 0 | AN14: =SUM(AN10:AO13) -> 0 | AP14: =SUM(AP10:AQ11) -> 0 | AR14: =SUM(AR10:AS13) -> 0 | AT14: =SUM(AT10:AU11) -> 12 | AV14: =SUM(AV10:AW13) -> 621300 | AX14: =SUM(AX10:AY11) -> 0 | AZ14: =SUM(AZ10:BA13) -> 0 | BB14: =SUM(AL14+AP14+AT14+AX14) -> 12 | BD14: =SUM(BD10:BE13) -> 621300
A15: 8 | B15: 1112 | C15: 여기어때 | D15: 박주환 | E15: 특가(랜덤) | F15: AT | G15: 1 | H15: 15:00 | I15: 11:00 | J15: 김 | O15: 60000 | P15: 8 | AK15: 어메니티 | AL15: =AL24 -> 0 | AN15: =AN24 -> 0 | AP15: =AP24 -> 2 | AR15: =AR24 -> 4000 | AX15: =AT24 -> 0 | AZ15: =AV24 -> 0 | BB15: =AX24 -> 2 | BD15: =SUM(AN15+AR15+AV15+AZ15) -> 4000
A16: 9 | B16: 1114 | C16: 야놀자 | D16: 정지민 | E16: 특가(랜덤) | F16: AT | G16: 1 | H16: 15:00 | I16: 11:00 | J16: 김 | K16: 2 | O16: 60000 | P16: 9 | BB16: 총합계 | BD16: =BD14+BD15 -> 625300
A17: 10 | P17: 10
A18: 11 | P18: 11 | AI18: 어메니티 판매현황 | AK18: 구분 | AL18: 현금 (1) | AP18: 카드 (2) | AT18: 계좌이체 (3) | AX18: 소계
A19: 12 | P19: 12 | AL19: 건수 | AN19: 금액 | AP19: 건수 | AR19: 금액 | AT19: 건수 | AV19: 금액 | AX19: 건수 | AZ19: 금액
A20: 13 | P20: 13 | AK20: 숙박 | AL20: =COUNTIF(K7:K67,1) -> 0 | AN20: =AL20*2000 -> 0 | AP20: =COUNTIF(K7:K67,2) -> 2 | AR20: =AP20*2000 -> 4000 | AT20: =COUNTIF(K8:K67,3) -> 0 | AV20: =AT20*2000 -> 0 | AX20: =SUM(AL20+AP20+AT20) -> 2 | AZ20: =SUM(AJ20+AN20+AR20+AV20) -> 4000
A21: 14 | P21: 14 | AK21: 대실 | AL21: =COUNTIF(Y7:Y67,1) -> 0 | AN21: =AL21*2000 -> 0 | AP21: =COUNTIF(Y7:Y67,2) -> 0 | AR21: =AP21*2000 -> 0 | AT21: =COUNTIF(Y8:Y67,3) -> 0 | AV21: =AT21*2000 -> 0 | AX21: =SUM(AL21+AP21+AT21) -> 0 | AZ21: =SUM(AJ21+AN21+AR21+AV21) -> 0
A22: 15 | P22: 15 | AK22: 추가 | AX22: =SUM(AL22+AP22+AT22) -> 0 | AZ22: =SUM(AJ22+AN22+AR22+AV22) -> 0
A23: 16 | P23: 16 | AX23: =SUM(AH23+AL23+AP23+AT23) -> 0 | AZ23: =SUM(AJ23+AN23+AR23+AV23) -> 0
A24: 17 | P24: 17 | AK24: 소계 | AL24: =SUM(AL20:AM23) -> 0 | AN24: =SUM(AN20:AO23) -> 0 | AP24: =SUM(AP20:AQ23) -> 2 | AR24: =SUM(AR20:AS23) -> 4000 | AT24: =SUM(AT20:AU23) -> 0 | AV24: =SUM(AV20:AW23) -> 0 | AX24: =SUM(AH24+AL24+AP24+AT24) -> 2 | AZ24: =SUM(AZ20:BA23) -> 4000
A25: 18 | P25: 18
A26: 19 | P26: 19
A27: 20 | P27: 20 | AJ27: 객실 타입 별 예약 현황
A28: 21 | P28: 21 | AJ28: 타입 | AL28: C | AN28: B | AP28: AT | AR28: AD | AS28: SD | AU28: ST | AW28: V | AX28: 특
A29: 22 | P29: 22 | AJ29: 기준수량 | AL29: 5 | AN29: 4 | AP29: 10 | AR29: 2 | AS29: 9 | AU29: 5 | AW29: 5 | AX29: 0 | AZ29: 0
A30: 23 | P30: 23 | AJ30: 예약수량 | AL30: =COUNTIF(F8:F67,"c") -> 4 | AN30: =COUNTIF(F8:F67,"b") -> 2 | AP30: =COUNTIF(F8:F67,"at") -> 2 | AR30: =COUNTIF(F8:F67,"aD") -> 0 | AS30: =COUNTIF(F8:F67,"sd") -> 1 | AU30: =COUNTIF(F8:F67,"st") -> 1 | AW30: =COUNTIF(F8:F67,"v") -> 2 | AX30: =COUNTIF(F8:F67,"PA") -> 0 | AZ30: =COUNTIF(F8:F67,"특") -> 0
A31: 24 | P31: 24 | AJ31: 잔여수량 | AL31: =AL29-AL30 -> 1 | AN31: =AN29-AN30 -> 2 | AP31: =AP29-AP30 -> 8 | AR31: =AR29-AR30 -> 2 | AS31: =AS29-AS30 -> 8 | AU31: =AU29-AU30 -> 4 | AW31: =AW29-AW30 -> 3 | AX31: =AX29-AX30 -> 0 | AZ31: =AZ29-AZ30 -> 0
A32: 25 | P32: 25 | AK32: `
A33: 26 | P33: 26
A34: 27 | P34: 27
A35: 28 | P35: 28
A36: 29 | P36: 29
A37: 30 | P37: 30
A38: 31 | P38: 31
A39: 32 | P39: 32
A40: 33 | P40: 33
A41: 34 | P41: 34
A42: 35 | P42: 35
A43: 36 | P43: 36
A44: 37 | P44: 37
A45: 38 | B45: 911 | C45: 여기어때 | D45: 홍성빈 | F45: B | G45: 2/2 | H45: 15:00 | I45: 11:00 | J45: 양 | O45: 0 | P45: 38
A46: 39 | B46: 702 | C46: 아고다 | D46: Romana/Graham | F46: ST | G46: 8/9 | H46: 15:00 | I46: 11:00 | J46: 이 | O46: 0 | P46: 39
A47: 40 | B47: 305 | C47: 여기어때 | D47: 이승한 | F47: C | G47: 5/5 | H47: 15:00 | I47: 11:00 | J47: 양 | O47: 0 | P47: 40
A48: 41 | P48: 41
A49: 42 | P49: 42
A50: 43 | P50: 43 | AI50: 2. 영업분석표
A51: 44 | P51: 44 | AI51: 구분 | AK51: 상세 | AM51: 대실 | AP51: 숙박 | AS51: 총 합계 | AU51: 구분 | AW51: 식 / 음료 | BC51: 총 합계
A52: 45 | P52: 45 | AK52: 건 | AM52: 건 | AN52: 금액 | AP52: 건 | AQ52: 금액 | AW52: 품목 | BA52: 건
A53: 46 | P53: 46 | AI53: 오프라인 | AK53: 워크인 | AM53: =COUNTIF($R$8:$R$67, "워크인") -> 0 | AN53: =SUMIF($R$8:$R$73, "워크인", $AE$8:$AE$73)+SUMIF($R$8:$R$73, "워크인", $AB$8:$AB$73)+SUMIF($R$8:$R$73, "워크인", $AA$8:$AA$73)+SUMIF($R$8:$R$73, "워크인", $Z$8:$Z$73) -> 0 | AP53: =COUNTIF($C$8:$C$67, "워크인") -> 0 | AQ53: =SUMIF($C$8:$C$72, "워크인", $L$8:$L$72)+SUMIF($C$8:$C$72, "워크인", $M$8:$M$72)+SUMIF($C$8:$C$72, "워크인", $N$8:$N$72)+SUMIF($C$8:$C$72, "워크인", $O$8:$O$72) -> 0 | AS53: =SUM(AN53+AQ53) -> 0 | AU53: 식음료 | AW53: 맥주
A54: 47 | P54: 47 | AK54: 무료 | AM54: =COUNTIF($R$8:$R$73, "무료") -> 0 | AN54: =SUMIF($R$8:$R$73, "무료", $AE$8:$AE$73)+SUMIF($R$8:$R$73, "무료", $AB$8:$AB$73)+SUMIF($R$8:$R$73, "무료", $AA$8:$AA$73)+SUMIF($R$8:$R$73, "무료", $Z$8:$Z$73) -> 0 | AP54: =COUNTIF($C$8:$C$76, "무료") -> 0 | AQ54: =SUMIF($C$8:$C$72, "무료", $L$8:$L$72)+SUMIF($C$8:$C$72, "무료", $M$8:$M$72)+SUMIF($C$8:$C$72, "무료", $N$8:$N$72)+SUMIF($C$8:$C$72, "무료", $O$8:$O$72) -> 0 | AS54: =SUM(AN54+AQ54) -> 0 | AW54: 어메니티 | BA54: =AX24 -> 2 | BC54: =AZ24 -> 4000
A55: 48 | P55: 48 | AK55: 계좌 | AM55: =COUNTIF($R$8:$R$73, "계좌") -> 0 | AN55: =SUMIF($R$8:$R$73, "계좌", $AE$8:$AE$73)+SUMIF($R$8:$R$73, "계좌", $AB$8:$AB$73)+SUMIF($R$8:$R$73, "계좌", $AA$8:$AA$73)+SUMIF($R$8:$R$73, "계좌", $Z$8:$Z$73) -> 0 | AP55: =COUNTIF($C$8:$C$76, "계좌") -> 0 | AQ55: =SUMIF($C$8:$C$72, "계좌", $L$8:$L$72)+SUMIF($C$8:$C$72, "계좌", $M$8:$M$72)+SUMIF($C$8:$C$72, "계좌", $N$8:$N$72)+SUMIF($C$8:$C$72, "계좌", $O$8:$O$72) -> 0 | AS55: =SUM(AN55+AQ55) -> 0 | AW55: 합계 | BA55: =SUM(BA53:BB54) -> 2 | BC55: =SUM(BC53:BE54) -> 4000
A56: 49 | P56: 49 | AI56: 그외 | AM56: =COUNTIF($R$8:$R$73, "부킹닷컴") -> 0 | AN56: =SUMIF($R$8:$R$73, "부킹닷컴", $AE$8:$AE$73)+SUMIF($R$8:$R$73, "부킹닷컴", $AB$8:$AB$73)+SUMIF($R$8:$R$73, "부킹닷컴", $AA$8:$AA$73)+SUMIF($R$8:$R$73, "부킹닷컴", $Z$8:$Z$73) -> 0 | AP56: =COUNTIF($C$8:$C$76, "부킹닷컴") -> 0 | AQ56: =SUMIF($C$8:$C$72, "부킹닷컴", $L$8:$L$72)+SUMIF($C$8:$C$72, "부킹닷컴", $M$8:$M$72)+SUMIF($C$8:$C$72, "부킹닷컴", $N$8:$N$72)+SUMIF($C$8:$C$72, "부킹닷컴", $O$8:$O$72) -> 0 | AS56: =SUM(AN56+AQ56) -> 0
A57: 50 | P57: 50 | AK57: 추가 | AN57: =SUMIF($R$68:$R$72, "추가", $AA$68:$AA$72)+SUMIF($R$68:$R$72, "추가", $Z$68:$Z$72) -> 0 | AQ57: =SUMIF($C$68:$C$72, "추가", $L$68:$L$72)+SUMIF($C$68:$C$72, "추가", $M$68:$M$72)+SUMIF($C$68:$C$72, "추가", $N$68:$N$72)+SUMIF($C$68:$C$72, "추가", $O$68:$O$72) -> 0 | AS57: =SUM(AN57+AQ57) -> 0
A58: 51 | P58: 51 | AI58: 소계 | AM58: =SUM(AM53:AM56) -> 0 | AN58: =SUM(AN53:AO57) -> 0 | AP58: =SUM(AP53:AP57) -> 0 | AQ58: =SUM(AQ53:AR57) -> 0 | AS58: =SUM(AS53:AT57) -> 0
A59: 52 | P59: 52 | AI59: 온라인 | AK59: 채널명 | AM59: 건수 | AN59: 판매가 | AO59: 입금가 | AP59: 건수 | AQ59: 판매가 | AR59: 입금가 | AS59: 판매합계 | AT59: 입금합계 | AU59: 고객연령 | AW59: 20 | BB59: =COUNTIF($K$8:$K$67, "20")+COUNTIF($Y$8:$Y$67, "20") -> 0
A60: 53 | P60: 53 | AK60: 야놀자 | AM60: =COUNTIF($R$8:$R$73, $AK60) -> 0 | AN60: =SUMIF($R$8:$R$73, $AK60, $Z$8:$Z$73)+SUMIF($R$8:$R$73, $AK60, $AB$8:$AB$73)+SUMIF($R$8:$R$73, $AK60, $AA$8:$AA$73)+SUMIF($R$8:$R$73, $AK60, $AE$8:$AE$73) -> 0 | AO60: =AN60*0.9 -> 0 | AP60: =COUNTIF($C$8:$C$73, $AK60) -> 4 | AQ60: =SUMIF($C$8:$C$72, $AK60, $L$8:$L$72)+SUMIF($C$8:$C$72, $AK60, $M$8:$M$72)+SUMIF($C$8:$C$72, $AK60, $N$8:$N$72)+SUMIF($C$8:$C$72, $AK60, $O$8:$O$72) -> 280000 | AR60: =AQ60*0.9 -> 252000 | AS60: =SUM(AN60+AQ60) -> 280000 | AT60: =AO60+AR60 -> 252000 | AW60: 30 | BB60: =COUNTIF($K$8:$K$67, "30")+COUNTIF($Y$8:$Y$67, "30") -> 0
A61: 54 | P61: 54 | AK61: 여기어때 | AM61: =COUNTIF($R$8:$R$73, $AK61) -> 0 | AN61: =SUMIF($R$8:$R$73, $AK61, $Z$8:$Z$73)+SUMIF($R$8:$R$73, $AK61, $AB$8:$AB$73)+SUMIF($R$8:$R$73, $AK61, $AA$8:$AA$73)+SUMIF($R$8:$R$73, $AK61, $AE$8:$AE$73) -> 0 | AO61: =AN61*0.9 -> 0 | AP61: =COUNTIF($C$8:$C$73, $AK61) -> 5 | AQ61: =SUMIF($C$8:$C$72, $AK61, $L$8:$L$72)+SUMIF($C$8:$C$72, $AK61, $M$8:$M$72)+SUMIF($C$8:$C$72, $AK61, $N$8:$N$72)+SUMIF($C$8:$C$72, $AK61, $O$8:$O$72) -> 275000 | AR61: =AQ61*0.9 -> 247500 | AS61: =SUM(AN61+AQ61) -> 275000 | AT61: =AO61+AR61 -> 247500 | AW61: 40 | BB61: =COUNTIF($K$8:$K$67, "40")+COUNTIF($Y$8:$Y$67, "40") -> 0
A62: 55 | P62: 55 | AK62: 네이버 | AM62: =COUNTIF($R$8:$R$73, $AK62) -> 0 | AN62: =SUMIF($R$8:$R$73, $AK62, $Z$8:$Z$73)+SUMIF($R$8:$R$73, $AK62, $AB$8:$AB$73)+SUMIF($R$8:$R$73, $AK62, $AA$8:$AA$73)+SUMIF($R$8:$R$73, $AK62, $AE$8:$AE$73) -> 0 | AO62: =AN62*0.9 -> 0 | AP62: =COUNTIF($C$8:$C$73, $AK62) -> 0 | AQ62: =SUMIF($C$8:$C$72, $AK62, $L$8:$L$72)+SUMIF($C$8:$C$72, $AK62, $M$8:$M$72)+SUMIF($C$8:$C$72, $AK62, $N$8:$N$72)+SUMIF($C$8:$C$72, $AK62, $O$8:$O$72) -> 0 | AR62: =AQ62*0.9 -> 0 | AS62: =SUM(AN62+AQ62) -> 0 | AT62: =AO62+AR62 -> 0 | AW62: 50 | BB62: =COUNTIF($K$8:$K$67, "50")+COUNTIF($Y$8:$Y$67, "50") -> 0
A63: 56 | P63: 56 | AK63: 부킹 | AM63: =COUNTIF($R$8:$R$73, $AK63) -> 0 | AN63: =SUMIF($R$8:$R$73, $AK63, $Z$8:$Z$73)+SUMIF($R$8:$R$73, $AK63, $AB$8:$AB$73)+SUMIF($R$8:$R$73, $AK63, $AA$8:$AA$73)+SUMIF($R$8:$R$73, $AK63, $AE$8:$AE$73) -> 0 | AO63: =AN63*0.9 -> 0 | AP63: =COUNTIF($C$8:$C$73, $AK63) -> 0 | AQ63: =SUMIF($C$8:$C$72, $AK63, $L$8:$L$72)+SUMIF($C$8:$C$72, $AK63, $M$8:$M$72)+SUMIF($C$8:$C$72, $AK63, $N$8:$N$72)+SUMIF($C$8:$C$72, $AK63, $O$8:$O$72) -> 0 | AR63: =AQ63*0.9 -> 0 | AS63: =SUM(AN63+AQ63) -> 0 | AT63: =AO63+AR63 -> 0 | AW63: 60 | BB63: =COUNTIF($K$8:$K$67, "60")+COUNTIF($Y$8:$Y$67, "60") -> 0
A64: 57 | P64: 57 | AK64: 꿀스 | AM64: =COUNTIF($R$8:$R$73, $AK64) -> 0 | AN64: =SUMIF($R$8:$R$73, $AK64, $Z$8:$Z$73)+SUMIF($R$8:$R$73, $AK64, $AB$8:$AB$73)+SUMIF($R$8:$R$73, $AK64, $AA$8:$AA$73)+SUMIF($R$8:$R$73, $AK64, $AE$8:$AE$73) -> 0 | AO64: =AN64*0.9 -> 0 | AP64: =COUNTIF($C$8:$C$73, $AK64) -> 0 | AQ64: =SUMIF($C$8:$C$72, $AK64, $L$8:$L$72)+SUMIF($C$8:$C$72, $AK64, $M$8:$M$72)+SUMIF($C$8:$C$72, $AK64, $N$8:$N$72)+SUMIF($C$8:$C$72, $AK64, $O$8:$O$72) -> 0 | AR64: =AQ64*0.9 -> 0 | AS64: =SUM(AN64+AQ64) -> 0 | AT64: =AO64+AR64 -> 0 | AU64: 방문유형 | AW64: W | BB64: =COUNTIF($J$8:$J$67, "w")+COUNTIF($X$8:$X$67, "w") -> 0
A65: 58 | P65: 58 | AK65: 에어 | AM65: =COUNTIF($R$8:$R$73, $AK65) -> 0 | AN65: =SUMIF($R$8:$R$73, $AK65, $Z$8:$Z$73)+SUMIF($R$8:$R$73, $AK65, $AB$8:$AB$73)+SUMIF($R$8:$R$73, $AK65, $AA$8:$AA$73)+SUMIF($R$8:$R$73, $AK65, $AE$8:$AE$73) -> 0 | AO65: =AN65*0.9 -> 0 | AP65: =COUNTIF($C$8:$C$73, $AK65) -> 0 | AQ65: =SUMIF($C$8:$C$72, $AK65, $L$8:$L$72)+SUMIF($C$8:$C$72, $AK65, $M$8:$M$72)+SUMIF($C$8:$C$72, $AK65, $N$8:$N$72)+SUMIF($C$8:$C$72, $AK65, $O$8:$O$72) -> 0 | AR65: =AQ65*0.9 -> 0 | AS65: =SUM(AN65+AQ65) -> 0 | AT65: =AO65+AR65 -> 0 | AW65: C | BB65: =COUNTIF($J$8:$J$67, "c")+COUNTIF($X$8:$X$67, "c") -> 0
A66: 59 | P66: 59 | AK66: 아고다 | AM66: =COUNTIF($R$8:$R$73, $AK66) -> 0 | AN66: =SUMIF($R$8:$R$73, $AK66, $Z$8:$Z$73)+SUMIF($R$8:$R$73, $AK66, $AB$8:$AB$73)+SUMIF($R$8:$R$73, $AK66, $AA$8:$AA$73)+SUMIF($R$8:$R$73, $AK66, $AE$8:$AE$73) -> 0 | AO66: =AN66*0.9 -> 0 | AP66: =COUNTIF($C$8:$C$73, $AK66) -> 2 | AQ66: =SUMIF($C$8:$C$72, $AK66, $L$8:$L$72)+SUMIF($C$8:$C$72, $AK66, $M$8:$M$72)+SUMIF($C$8:$C$72, $AK66, $N$8:$N$72)+SUMIF($C$8:$C$72, $AK66, $O$8:$O$72) -> 66300 | AR66: =AQ66*0.9 -> 59670 | AS66: =SUM(AN66+AQ66) -> 66300 | AT66: =AO66+AR66 -> 59670
A67: 60 | P67: 60 | AK67: 익스피디아 | AM67: =COUNTIF($R$8:$R$73, $AK67) -> 0 | AN67: =SUMIF($R$8:$R$73, $AK67, $Z$8:$Z$73)+SUMIF($R$8:$R$73, $AK67, $AB$8:$AB$73)+SUMIF($R$8:$R$73, $AK67, $AA$8:$AA$73)+SUMIF($R$8:$R$73, $AK67, $AE$8:$AE$73) -> 0 | AO67: =AN67*0.9 -> 0 | AP67: =COUNTIF($C$8:$C$73, $AK67) -> 0 | AQ67: =SUMIF($C$8:$C$72, $AK67, $L$8:$L$72)+SUMIF($C$8:$C$72, $AK67, $M$8:$M$72)+SUMIF($C$8:$C$72, $AK67, $N$8:$N$72)+SUMIF($C$8:$C$72, $AK67, $O$8:$O$72) -> 0 | AR67: =AQ67*0.9 -> 0 | AS67: =SUM(AN67+AQ67) -> 0 | AT67: =AO67+AR67 -> 0 | AZ67: 대실 | BC67: 숙박
A68: 추가요금 | P68: 추가요금 | AK68: 트립 | AM68: =COUNTIF($R$8:$R$73, $AK68) -> 0 | AN68: =SUMIF($R$8:$R$73, $AK68, $Z$8:$Z$73)+SUMIF($R$8:$R$73, $AK68, $AB$8:$AB$73)+SUMIF($R$8:$R$73, $AK68, $AA$8:$AA$73)+SUMIF($R$8:$R$73, $AK68, $AE$8:$AE$73) -> 0 | AO68: =AN68*0.9 -> 0 | AP68: =COUNTIF($C$8:$C$73, $AK68) -> 0 | AQ68: =SUMIF($C$8:$C$72, $AK68, $L$8:$L$72)+SUMIF($C$8:$C$72, $AK68, $M$8:$M$72)+SUMIF($C$8:$C$72, $AK68, $N$8:$N$72)+SUMIF($C$8:$C$72, $AK68, $O$8:$O$72) -> 0 | AR68: =AQ68*0.9 -> 0 | AS68: =SUM(AN68+AQ68) -> 0 | AT68: =AO68+AR68 -> 0 | AZ68: =SUM(AN58+AN73) -> 0 | BC68: =AQ58+AQ73 -> 621300
AK69: 호텔나우 | AM69: =COUNTIF($R$8:$R$73, $AK69) -> 0 | AN69: =SUMIF($R$8:$R$73, $AK69, $Z$8:$Z$73)+SUMIF($R$8:$R$73, $AK69, $AB$8:$AB$73)+SUMIF($R$8:$R$73, $AK69, $AA$8:$AA$73)+SUMIF($R$8:$R$73, $AK69, $AE$8:$AE$73) -> 0 | AO69: =AN69*0.9 -> 0 | AP69: =COUNTIF($C$8:$C$73, $AK69) -> 0 | AQ69: =SUMIF($C$8:$C$72, $AK69, $L$8:$L$72)+SUMIF($C$8:$C$72, $AK69, $M$8:$M$72)+SUMIF($C$8:$C$72, $AK69, $N$8:$N$72)+SUMIF($C$8:$C$72, $AK69, $O$8:$O$72) -> 0 | AR69: =AQ69*0.9 -> 0 | AS69: =SUM(AN69+AQ69) -> 0 | AT69: =AO69+AR69 -> 0
AK70: 호텔타임 | AM70: =COUNTIF($R$8:$R$73, $AK70) -> 0 | AN70: =SUMIF($R$8:$R$73, $AK70, $Z$8:$Z$73)+SUMIF($R$8:$R$73, $AK70, $AB$8:$AB$73)+SUMIF($R$8:$R$73, $AK70, $AA$8:$AA$73)+SUMIF($R$8:$R$73, $AK70, $AE$8:$AE$73) -> 0 | AO70: =AN70*0.9 -> 0 | AP70: =COUNTIF($C$8:$C$73, $AK70) -> 0 | AQ70: =SUMIF($C$8:$C$72, $AK70, $L$8:$L$72)+SUMIF($C$8:$C$72, $AK70, $M$8:$M$72)+SUMIF($C$8:$C$72, $AK70, $N$8:$N$72)+SUMIF($C$8:$C$72, $AK70, $O$8:$O$72) -> 0 | AR70: =AQ70*0.9 -> 0 | AS70: =SUM(AN70+AQ70) -> 0 | AT70: =AO70+AR70 -> 0
AU71: 식음료/어메니티 총매출 | AZ71: =SUM(BC55) -> 4000
AM72: =COUNTIF($R$8:$R$73, $AK72) -> 0 | AN72: =SUMIF($R$8:$R$73, $AK72, $Z$8:$Z$73)+SUMIF($R$8:$R$73, $AK72, $AB$8:$AB$73)+SUMIF($R$8:$R$73, $AK72, $AA$8:$AA$73)+SUMIF($R$8:$R$73, $AK72, $AE$8:$AE$73) -> 0 | AP72: =COUNTIF($C$8:$C$73, $AK72) -> 0 | AQ72: =SUMIF($C$8:$C$72, $AK72, $L$8:$L$72)+SUMIF($C$8:$C$72, $AK72, $M$8:$M$72)+SUMIF($C$8:$C$72, $AK72, $N$8:$N$72)+SUMIF($C$8:$C$72, $AK72, $O$8:$O$72) -> 0 | AS72: =SUM(AN72+AQ72) -> 0 | AT72: =AO72+AR72 -> 0 | AU72: 총매출 | AZ72: =BD16 -> 625300
AI73: 소계 | AM73: =SUM(AM60:AM72) -> 0 | AN73: =SUM(AN60:AN72) -> 0 | AO73: =SUM(AO60:AO72) -> 0 | AP73: =SUM(AP60:AP72) -> 11 | AQ73: =SUM(AQ60:AQ72) -> 621300 | AR73: =SUM(AR60:AR72) -> 559170 | AS73: =SUM(AS60:AS72) -> 621300 | AT73: =SUM(AT60:AT72) -> 559170 | AU73: 순매출 | AZ73: =AS58+AT73 -> 559170

Sheet 5
A1: 객실판매일보 | P1: 근무자 | S1: 이정경 주간/김선우 야간/황경현 팀장 | Z1: 날짜 | AA1: 45905 | AI1: 일일영업현황보고서
A2: 일매출 | C2: =AZ72 -> 2657400 | G2: 대실 | H2: =COUNTA($Z$8:$AE$67) -> 0 | M2: 숙박 | N2: =COUNTA($L$8:$O$67) -> 30 | Z2: 현금 시재 | AA2: 시작 | AB2: 371500 | AI2: 보고기준일 | AL2: ='5'!AA1 -> 45905 | AP2: 보고일자 | AS2: =AA1+1 -> 45906 | AZ2: 작성자 | BA2: =S1 -> 이정경 주간/김선우 야간/황경현 팀장
H3: =SUM(Z8:AE76)+AZ21 -> 0 | N3: =SUM(L8:O76)+AZ20 -> 2657400 | AA3: 마감 | AB3: 371500
A4: 숙 박 | N4: =SUM(COUNTIF(B8:B67,{301,302,303,305,306,307,308,309,501,502,503,505,701,702,703,705,706,707,708,709})) -> 7 | O4: =SUM(COUNTIF(B8:B67,{201,202,203,205,206,207,208,209,506,507,508,509,601,602,603,605,606,607,608,609})) -> 2 | P4: 대 실 | AF4: =SUM(COUNTIF(S8:S67,{301,302,303,305,306,307,308,309,501,502,503,505,701,702,703,705,706,707,708,709})) -> 0 | AG4: =SUM(COUNTIF(S8:S67,{201,202,203,205,206,207,208,209,506,507,508,509,601,602,603,605,606,607,608,609})) -> 0
A5: 타입 | C5: C | D5: B | E5: AT | F5: AD | G5: SD | H5: ST | I5: V | J5: 특 | N5: 남은 객실 | P5: 매출보고 | R5: 현금 | S5: 계좌 | T5: 카드 | U5: 야놀자 | W5: 여기어때 | Y5: 네이버 | AA5: 부킹 | AB5: 아고다 | AC5: 익스피디아 | AD5: 트립 | AE5: 에어 | AF5: 호텔나우 | AG5: 호텔타임
A6: 잔여수량 | C6: =AL31 -> 0 | D6: =AN31 -> 1 | E6: =AP31 -> 1 | F6: =AR31 -> 1 | G6: =AS31 -> 2 | H6: =AU31 -> 3 | I6: =AW31 -> 2 | J6: =AX31 -> 0 | N6: =C6+D6+E6+F6+G6+H6+I6+J6+K6 -> 10 | P6: =C2 -> 2657400 | R6: =AN14+AN15 -> 0 | S6: =AZ14+AZ15 -> 0 | T6: =AR14+AR15 -> 53000 | U6: =AS60 -> 1175000 | W6: =AS61 -> 960000 | Y6: =AS62 -> 65000 | AA6: =AS63 -> 0 | AB6: =AS66 -> 173400 | AC6: =AS67 -> 0 | AD6: =SUMIFS(O7:O47,C7:C47,"트립") -> 0 | AE6: =AS65 -> 0 | AF6: =AS69 -> 231000 | AG6: =AS70 -> 0
A7: 번호 | B7: 호실 | C7: 채널명 | D7: 고객명 | E7: 비고 | F7: 타입 | G7: 기간 | H7: 체크인 | I7: 체크아웃 | J7: 작성자 | K7: 비품 | L7: 현금 | M7: 카드 | N7: 계좌이체 | O7: 온라인 | P7: 번호 | Q7: 호실 | R7: 채널명 | S7: 고객명 | T7: 비고 | U7: 타입 | V7: 체크인 | W7: 체크아웃 | X7: 작성자 | Y7: 비품 | Z7: 현금 | AA7: 카드 | AB7: 계좌이체 | AE7: 온라인
A8: 1 | B8: 1112 | C8: 여기어때 | D8: 권인준 | E8: 특가(랜덤) | F8: AT | G8: 1 | H8: 15:00 | I8: 11:00 | J8: 이 | O8: 80000 | P8: 1 | AI8: 총 매 출 | AK8: 구분 | AL8: 현금 | AP8: 카드 | AT8: 온라인 | AX8: 계좌이체 | BB8: 소계
A9: 2 | B9: 1114 | C9: 여기어때 | D9: 이다은 | E9: 특가(랜덤) | F9: AT | G9: 1 | H9: 15:00 | I9: 11:00 | J9: 황 | O9: 80000 | P9: 2 | AL9: 건수 | AN9: 금액 | AP9: 건수 | AR9: 금액 | AT9: 건수 | AV9: 금액 | AX9: 건수 | AZ9: 금액 | BB9: 건수 | BD9: 금액
A10: 3 | B10: 506 | C10: 호텔나우 | D10: 김진완 | E10: C업그레이드 | F10: SD | G10: 1/2 | H10: 15:00 | I10: 11:00 | J10: 김 | O10: 231000 | P10: 3 | AK10: 숙박 | AL10: =COUNTA($L$8:$L$67) -> 0 | AN10: =SUM(L8:L67) -> 0 | AP10: =COUNT(M8:M67) -> 0 | AR10: =SUM(M8:M67) -> 0 | AT10: =COUNTA($O$8:$O$67) -> 30 | AV10: =SUM(O8:O67) -> 2604400 | AX10: =COUNTA($N$8:$N$67) -> 0 | AZ10: =SUM(N8:N67) -> 0 | BB10: =SUM(AL10+AP10+AT10+AX10) -> 30 | BD10: =SUM(AN10+AR10+AV10+AZ10) -> 2604400
A11: 4 | B11: 805 | C11: 여기어때 | D11: 김민수 | E11: C업그레이드 | F11: SD | G11: 1/2 | H11: 15:00 | I11: 11:00 | J11: 이 | O11: 210000 | P11: 4 | AK11: 대실 | AL11: =COUNTA($Z$8:$Z$67) -> 0 | AN11: =SUM(Z8:Z67) -> 0 | AP11: =COUNTA($AA$8:$AA$67) -> 0 | AR11: =SUM(AA8:AA67) -> 0 | AT11: =COUNTA($AE$8:$AE$67) -> 0 | AV11: =SUM(AE8:AE67) -> 0 | AX11: =COUNTA($AB$8:$AB$68) -> 0 | AZ11: =SUM(AB8:AB67) -> 0 | BB11: =SUM(AL11+AP11+AT11+AX11) -> 0 | BD11: =SUM(AN11+AR11+AV11+AZ11) -> 0
A12: 5 | B12: 609 | C12: 야놀자 | D12: 정경철 | E12: C업그레이드 | F12: SD | G12: 1 | H12: 15:00 | I12: 11:00 | J12: 이 | O12: 85000 | P12: 5 | AK12: 추가숙박 | AL12: =COUNTA($L$68:$L$76) -> 0 | AN12: =SUM(L68:L76) -> 0 | AP12: =COUNTA($M$68:$M$76) -> 2 | AR12: =SUM(M68:M76) -> 45000 | AT12: =COUNTA($O$68:$O$76) -> 0 | AV12: =SUM(O68:O76) -> 0 | AX12: =COUNTA($N$68:$N$76) -> 0 | AZ12: =SUM(N68:N76) -> 0 | BB12: =SUM(AL12+AP12+AT12+AX12) -> 2 | BD12: =SUM(AN12+AR12+AV12+AZ12) -> 45000
A13: 6 | B13: 1115 | C13: 여기어때 | D13: 권승욱 | E13: 특가(랜덤) | F13: AT | G13: 1 | H13: 15:00 | I13: 11:00 | J13: 황 | K13: 2 | O13: 80000 | P13: 6 | AK13: 추가대실 | AL13: =COUNTA($Z$68:$Z$76) -> 0 | AN13: =SUM(Z68:Z76) -> 0 | AP13: =COUNTA($AA$68:$AA$76) -> 0 | AR13: =SUM(AA68:AA76) -> 0 | AT13: =COUNTA($AE$68:$AE$76) -> 0 | AV13: =SUM(AE68:AE76) -> 0 | AX13: =COUNTA($AB$68:$AB$76) -> 0 | AZ13: =SUM(AB68:AB76) -> 0 | BB13: =SUM(AL13+AP13+AT13+AX13) -> 0 | BD13: =SUM(AN13+AR13+AV13+AZ13) -> 0
A14: 7 | B14: 409 | C14: 여기어때 | D14: 이웅재 | E14: C업그레이드 | F14: SD | G14: 1 | H14: 15:00 | I14: 11:00 | J14: 김 | O14: 85000 | P14: 7 | AK14: 소계 | AL14: =SUM(AL10:AM11) -> 0 | AN14: =SUM(AN10:AO13) -> 0 | AP14: =SUM(AP10:AQ11) -> 0 | AR14: =SUM(AR10:AS13) -> 45000 | AT14: =SUM(AT10:AU11) -> 30 | AV14: =SUM(AV10:AW13) -> 2604400 | AX14: =SUM(AX10:AY11) -> 0 | AZ14: =SUM(AZ10:BA13) -> 0 | BB14: =SUM(AL14+AP14+AT14+AX14) -> 30 | BD14: =SUM(BD10:BE13) -> 2649400
A15: 8 | B15: 307 | C15: 야놀자 | D15: 리센느 | F15: C | G15: 1 | H15: 15:00 | I15: 11:00 | J15: 양 | O15: 85000 | P15: 8 | AK15: 어메니티 | AL15: =AL24 -> 0 | AN15: =AN24 -> 0 | AP15: =AP24 -> 4 | AR15: =AR24 -> 8000 | AX15: =AT24 -> 0 | AZ15: =AV24 -> 0 | BB15: =AX24 -> 4 | BD15: =SUM(AN15+AR15+AV15+AZ15) -> 8000
A16: 9 | B16: 303 | C16: 야놀자 | D16: 백찬엽 | E16: 특가(랜덤) | F16: C | G16: 1 | H16: 15:00 | I16: 11:00 | J16: 이 | O16: 80000 | P16: 9 | BB16: 총합계 | BD16: =BD14+BD15 -> 2657400
A17: 10 | B17: 811 | C17: 야놀자 | D17: 남현우 | E17: 특가(랜덤) | F17: B | G17: 1 | H17: 15:00 | I17: 11:00 | J17: 양 | O17: 80000 | P17: 10
A18: 11 | B18: 305 | C18: 아고다 | D18: 임종진 | F18: C | G18: 1 | H18: 15:00 | I18: 11:00 | J18: 이 | O18: 86700 | P18: 11 | AI18: 어메니티 판매현황 | AK18: 구분 | AL18: 현금 (1) | AP18: 카드 (2) | AT18: 계좌이체 (3) | AX18: 소계
A19: 12 | B19: 401 | C19: 야놀자 | D19: 김화랑 | F19: V | G19: 1/2 | H19: 15:00 | I19: 11:00 | J19: 이 | K19: 2 | O19: 220000 | P19: 12 | AL19: 건수 | AN19: 금액 | AP19: 건수 | AR19: 금액 | AT19: 건수 | AV19: 금액 | AX19: 건수 | AZ19: 금액
A20: 13 | B20: 1107 | C20: 여기어때 | D20: 심주희 | F20: SD | G20: 1 | H20: 15:00 | I20: 11:00 | J20: 김 | O20: 95000 | P20: 13 | AK20: 숙박 | AL20: =COUNTIF(K7:K67,1) -> 0 | AN20: =AL20*2000 -> 0 | AP20: =COUNTIF(K7:K67,2) -> 4 | AR20: =AP20*2000 -> 8000 | AT20: =COUNTIF(K8:K67,3) -> 0 | AV20: =AT20*2000 -> 0 | AX20: =SUM(AL20+AP20+AT20) -> 4 | AZ20: =SUM(AJ20+AN20+AR20+AV20) -> 8000
A21: 14 | B21: 308 | C21: 여기어때 | D21: 이지원 | F21: C | G21: 1 | H21: 15:00 | I21: 11:00 | J21: 김 | O21: 80000 | P21: 14 | AK21: 대실 | AL21: =COUNTIF(Y7:Y67,1) -> 0 | AN21: =AL21*2000 -> 0 | AP21: =COUNTIF(Y7:Y67,2) -> 0 | AR21: =AP21*2000 -> 0 | AT21: =COUNTIF(Y8:Y67,3) -> 0 | AV21: =AT21*2000 -> 0 | AX21: =SUM(AL21+AP21+AT21) -> 0 | AZ21: =SUM(AJ21+AN21+AR21+AV21) -> 0
A22: 15 | B22: 309 | C22: 아고다 | D22: 김세원 | F22: C | G22: 1 | H22: 15:00 | I22: 11:00 | J22: 황 | O22: 86700 | P22: 15 | AK22: 추가 | AX22: =SUM(AL22+AP22+AT22) -> 0 | AZ22: =SUM(AJ22+AN22+AR22+AV22) -> 0
A23: 16 | B23: 1111 | C23: 여기어때 | D23: 배범진 | E23: 특가(랜덤) | F23: B | G23: 1 | H23: 15:00 | I23: 11:00 | J23: 이 | O23: 60000 | P23: 16 | AX23: =SUM(AH23+AL23+AP23+AT23) -> 0 | AZ23: =SUM(AJ23+AN23+AR23+AV23) -> 0
A24: 17 | B24: 1004 | C24: 야놀자 | D24: 송인길 | E24: C업그레이드 | F24: SD | G24: 1 | H24: 15:00 | I24: 11:00 | J24: 이 | O24: 65000 | P24: 17 | AK24: 소계 | AL24: =SUM(AL20:AM23) -> 0 | AN24: =SUM(AN20:AO23) -> 0 | AP24: =SUM(AP20:AQ23) -> 4 | AR24: =SUM(AR20:AS23) -> 8000 | AT24: =SUM(AT20:AU23) -> 0 | AV24: =SUM(AV20:AW23) -> 0 | AX24: =SUM(AH24+AL24+AP24+AT24) -> 4 | AZ24: =SUM(AZ20:BA23) -> 8000
A25: 18 | B25: 1105 | C25: 여기어때 | D25: 라니 | F25: AD | G25: 1 | H25: 15:00 | I25: 11:00 | J25: 이 | K25: 2 | O25: 70000 | P25: 18
A26: 19 | B26: 1210 | C26: 야놀자 | D26: 정우진 | F26: V | G26: 1 | H26: 15:00 | I26: 11:00 | J26: 이 | O26: 80000 | P26: 19
A27: 20 | B27: 501 | C27: 야놀자 | D27: 임영진 | F27: V | G27: 1 | H27: 15:00 | I27: 11:00 | J27: 이 | O27: 80000 | P27: 20 | AJ27: 객실 타입 별 예약 현황
A28: 21 | B28: 1116 | C28: 여기어때 | D28: 이환희 | E28: 특가(랜덤) | F28: AT | G28: 1 | H28: 15:00 | I28: 11:00 | J28: 이 | K28: 2 | O28: 60000 | P28: 21 | AJ28: 타입 | AL28: C | AN28: B | AP28: AT | AR28: AD | AS28: SD | AU28: ST | AW28: V | AX28: 특
A29: 22 | B29: 1215 | C29: 네이버 | D29: 김종운 | E29: B업그레이드 | F29: AT | G29: 1 | H29: 15:00 | I29: 11:00 | J29: 이 | O29: 65000 | P29: 22 | AJ29: 기준수량 | AL29: 5 | AN29: 4 | AP29: 10 | AR29: 2 | AS29: 9 | AU29: 5 | AW29: 5 | AX29: 0 | AZ29: 0
A30: 23 | B30: 1214 | C30: 야놀자 | D30: 이영규 | E30: 특가(랜덤) | F30: AT | G30: 1 | H30: 15:00 | I30: 11:00 | J30: 이 | O30: 60000 | P30: 23 | AJ30: 예약수량 | AL30: =COUNTIF(F8:F67,"c") -> 5 | AN30: =COUNTIF(F8:F67,"b") -> 3 | AP30: =COUNTIF(F8:F67,"at") -> 9 | AR30: =COUNTIF(F8:F67,"aD") -> 1 | AS30: =COUNTIF(F8:F67,"sd") -> 7 | AU30: =COUNTIF(F8:F67,"st") -> 2 | AW30: =COUNTIF(F8:F67,"v") -> 3 | AX30: =COUNTIF(F8:F67,"PA") -> 0 | AZ30: =COUNTIF(F8:F67,"특") -> 0
A31: 24 | B31: 1216 | C31: 야놀자 | D31: 박다솜 | E31: 특가(랜덤) | F31: AT | G31: 1 | H31: 15:00 | I31: 11:00 | J31: 이 | O31: 60000 | P31: 24 | AJ31: 잔여수량 | AL31: =AL29-AL30 -> 0 | AN31: =AN29-AN30 -> 1 | AP31: =AP29-AP30 -> 1 | AR31: =AR29-AR30 -> 1 | AS31: =AS29-AS30 -> 2 | AU31: =AU29-AU30 -> 3 | AW31: =AW29-AW30 -> 2 | AX31: =AX29-AX30 -> 0 | AZ31: =AZ29-AZ30 -> 0
A32: 25 | B32: 1206 | C32: 야놀자 | D32: 최홍석 | E32: 특가(랜덤) | F32: AT | G32: 1 | H32: 15:00 | I32: 11:00 | J32: 이 | O32: 60000 | P32: 25 | AK32: `
A33: 26 | B33: 406 | C33: 여기어때 | D33: 황은정 | E33: 특가(랜덤) | F33: ST | G33: 1 | H33: 15:00 | I33: 11:00 | J33: 김 | O33: 60000 | P33: 26
A34: 27 | B34: 809 | C34: 야놀자 | D34: 모은지 | E34: C업그레이드 | F34: SD | G34: 1/2 | H34: 15:00 | I34: 11:00 | J34: 김 | O34: 160000 | P34: 27
A35: 28 | B35: 615 | C35: 야놀자 | D35: 송정영 | E35: 특가(랜덤) | F35: AT | G35: 1 | H35: 15:00 | I35: 11:00 | J35: 김 | O35: 60000 | P35: 28
A36: 29 | P36: 29
A37: 30 | P37: 30
A38: 31 | P38: 31
A39: 32 | P39: 32
A40: 33 | P40: 33
A41: 34 | P41: 34
A42: 35 | P42: 35
A43: 36 | P43: 36
A44: 37 | P44: 37
A45: 38 | P45: 38
A46: 39 | B46: 1011 | C46: 여기어때 | D46: 전경민 | F46: B | G46: 2/2 | H46: 15:00 | I46: 11:00 | J46: 양 | O46: 0 | P46: 39
A47: 40 | B47: 702 | C47: 아고다 | D47: Romana/Graham | F47: ST | G47: 9/9 | H47: 15:00 | I47: 11:00 | J47: 이 | O47: 0 | P47: 40
A48: 41 | P48: 41
A49: 42 | P49: 42
A50: 43 | P50: 43 | AI50: 2. 영업분석표
A51: 44 | P51: 44 | AI51: 구분 | AK51: 상세 | AM51: 대실 | AP51: 숙박 | AS51: 총 합계 | AU51: 구분 | AW51: 식 / 음료 | BC51: 총 합계
A52: 45 | P52: 45 | AK52: 건 | AM52: 건 | AN52: 금액 | AP52: 건 | AQ52: 금액 | AW52: 품목 | BA52: 건
A53: 46 | P53: 46 | AI53: 오프라인 | AK53: 워크인 | AM53: =COUNTIF($R$8:$R$67, "워크인") -> 0 | AN53: =SUMIF($R$8:$R$73, "워크인", $AE$8:$AE$73)+SUMIF($R$8:$R$73, "워크인", $AB$8:$AB$73)+SUMIF($R$8:$R$73, "워크인", $AA$8:$AA$73)+SUMIF($R$8:$R$73, "워크인", $Z$8:$Z$73) -> 0 | AP53: =COUNTIF($C$8:$C$67, "워크인") -> 0 | AQ53: =SUMIF($C$8:$C$72, "워크인", $L$8:$L$72)+SUMIF($C$8:$C$72, "워크인", $M$8:$M$72)+SUMIF($C$8:$C$72, "워크인", $N$8:$N$72)+SUMIF($C$8:$C$72, "워크인", $O$8:$O$72) -> 0 | AS53: =SUM(AN53+AQ53) -> 0 | AU53: 식음료 | AW53: 맥주
A54: 47 | P54: 47 | AK54: 무료 | AM54: =COUNTIF($R$8:$R$73, "무료") -> 0 | AN54: =SUMIF($R$8:$R$73, "무료", $AE$8:$AE$73)+SUMIF($R$8:$R$73, "무료", $AB$8:$AB$73)+SUMIF($R$8:$R$73, "무료", $AA$8:$AA$73)+SUMIF($R$8:$R$73, "무료", $Z$8:$Z$73) -> 0 | AP54: =COUNTIF($C$8:$C$76, "무료") -> 0 | AQ54: =SUMIF($C$8:$C$72, "무료", $L$8:$L$72)+SUMIF($C$8:$C$72, "무료", $M$8:$M$72)+SUMIF($C$8:$C$72, "무료", $N$8:$N$72)+SUMIF($C$8:$C$72, "무료", $O$8:$O$72) -> 0 | AS54: =SUM(AN54+AQ54) -> 0 | AW54: 어메니티 | BA54: =AX24 -> 4 | BC54: =AZ24 -> 8000
A55: 48 | P55: 48 | AK55: 계좌 | AM55: =COUNTIF($R$8:$R$73, "계좌") -> 0 | AN55: =SUMIF($R$8:$R$73, "계좌", $AE$8:$AE$73)+SUMIF($R$8:$R$73, "계좌", $AB$8:$AB$73)+SUMIF($R$8:$R$73, "계좌", $AA$8:$AA$73)+SUMIF($R$8:$R$73, "계좌", $Z$8:$Z$73) -> 0 | AP55: =COUNTIF($C$8:$C$76, "계좌") -> 0 | AQ55: =SUMIF($C$8:$C$72, "계좌", $L$8:$L$72)+SUMIF($C$8:$C$72, "계좌", $M$8:$M$72)+SUMIF($C$8:$C$72, "계좌", $N$8:$N$72)+SUMIF($C$8:$C$72, "계좌", $O$8:$O$72) -> 0 | AS55: =SUM(AN55+AQ55) -> 0 | AW55: 합계 | BA55: =SUM(BA53:BB54) -> 4 | BC55: =SUM(BC53:BE54) -> 8000
A56: 49 | P56: 49 | AI56: 그외 | AM56: =COUNTIF($R$8:$R$73, "부킹닷컴") -> 0 | AN56: =SUMIF($R$8:$R$73, "부킹닷컴", $AE$8:$AE$73)+SUMIF($R$8:$R$73, "부킹닷컴", $AB$8:$AB$73)+SUMIF($R$8:$R$73, "부킹닷컴", $AA$8:$AA$73)+SUMIF($R$8:$R$73, "부킹닷컴", $Z$8:$Z$73) -> 0 | AP56: =COUNTIF($C$8:$C$76, "부킹닷컴") -> 0 | AQ56: =SUMIF($C$8:$C$72, "부킹닷컴", $L$8:$L$72)+SUMIF($C$8:$C$72, "부킹닷컴", $M$8:$M$72)+SUMIF($C$8:$C$72, "부킹닷컴", $N$8:$N$72)+SUMIF($C$8:$C$72, "부킹닷컴", $O$8:$O$72) -> 0 | AS56: =SUM(AN56+AQ56) -> 0
A57: 50 | P57: 50 | AK57: 추가 | AN57: =SUMIF($R$68:$R$72, "추가", $AA$68:$AA$72)+SUMIF($R$68:$R$72, "추가", $Z$68:$Z$72) -> 0 | AQ57: =SUMIF($C$68:$C$72, "추가", $L$68:$L$72)+SUMIF($C$68:$C$72, "추가", $M$68:$M$72)+SUMIF($C$68:$C$72, "추가", $N$68:$N$72)+SUMIF($C$68:$C$72, "추가", $O$68:$O$72) -> 0 | AS57: =SUM(AN57+AQ57) -> 0
A58: 51 | P58: 51 | AI58: 소계 | AM58: =SUM(AM53:AM56) -> 0 | AN58: =SUM(AN53:AO57) -> 0 | AP58: =SUM(AP53:AP57) -> 0 | AQ58: =SUM(AQ53:AR57) -> 0 | AS58: =SUM(AS53:AT57) -> 0
A59: 52 | P59: 52 | AI59: 온라인 | AK59: 채널명 | AM59: 건수 | AN59: 판매가 | AO59: 입금가 | AP59: 건수 | AQ59: 판매가 | AR59: 입금가 | AS59: 판매합계 | AT59: 입금합계 | AU59: 고객연령 | AW59: 20 | BB59: =COUNTIF($K$8:$K$67, "20")+COUNTIF($Y$8:$Y$67, "20") -> 0
A60: 53 | P60: 53 | AK60: 야놀자 | AM60: =COUNTIF($R$8:$R$73, $AK60) -> 0 | AN60: =SUMIF($R$8:$R$73, $AK60, $Z$8:$Z$73)+SUMIF($R$8:$R$73, $AK60, $AB$8:$AB$73)+SUMIF($R$8:$R$73, $AK60, $AA$8:$AA$73)+SUMIF($R$8:$R$73, $AK60, $AE$8:$AE$73) -> 0 | AO60: =AN60*0.9 -> 0 | AP60: =COUNTIF($C$8:$C$73, $AK60) -> 13 | AQ60: =SUMIF($C$8:$C$72, $AK60, $L$8:$L$72)+SUMIF($C$8:$C$72, $AK60, $M$8:$M$72)+SUMIF($C$8:$C$72, $AK60, $N$8:$N$72)+SUMIF($C$8:$C$72, $AK60, $O$8:$O$72) -> 1175000 | AR60: =AQ60*0.9 -> 1057500 | AS60: =SUM(AN60+AQ60) -> 1175000 | AT60: =AO60+AR60 -> 1057500 | AW60: 30 | BB60: =COUNTIF($K$8:$K$67, "30")+COUNTIF($Y$8:$Y$67, "30") -> 0
A61: 54 | P61: 54 | AK61: 여기어때 | AM61: =COUNTIF($R$8:$R$73, $AK61) -> 0 | AN61: =SUMIF($R$8:$R$73, $AK61, $Z$8:$Z$73)+SUMIF($R$8:$R$73, $AK61, $AB$8:$AB$73)+SUMIF($R$8:$R$73, $AK61, $AA$8:$AA$73)+SUMIF($R$8:$R$73, $AK61, $AE$8:$AE$73) -> 0 | AO61: =AN61*0.9 -> 0 | AP61: =COUNTIF($C$8:$C$73, $AK61) -> 12 | AQ61: =SUMIF($C$8:$C$72, $AK61, $L$8:$L$72)+SUMIF($C$8:$C$72, $AK61, $M$8:$M$72)+SUMIF($C$8:$C$72, $AK61, $N$8:$N$72)+SUMIF($C$8:$C$72, $AK61, $O$8:$O$72) -> 960000 | AR61: =AQ61*0.9 -> 864000 | AS61: =SUM(AN61+AQ61) -> 960000 | AT61: =AO61+AR61 -> 864000 | AW61: 40 | BB61: =COUNTIF($K$8:$K$67, "40")+COUNTIF($Y$8:$Y$67, "40") -> 0
A62: 55 | P62: 55 | AK62: 네이버 | AM62: =COUNTIF($R$8:$R$73, $AK62) -> 0 | AN62: =SUMIF($R$8:$R$73, $AK62, $Z$8:$Z$73)+SUMIF($R$8:$R$73, $AK62, $AB$8:$AB$73)+SUMIF($R$8:$R$73, $AK62, $AA$8:$AA$73)+SUMIF($R$8:$R$73, $AK62, $AE$8:$AE$73) -> 0 | AO62: =AN62*0.9 -> 0 | AP62: =COUNTIF($C$8:$C$73, $AK62) -> 1 | AQ62: =SUMIF($C$8:$C$72, $AK62, $L$8:$L$72)+SUMIF($C$8:$C$72, $AK62, $M$8:$M$72)+SUMIF($C$8:$C$72, $AK62, $N$8:$N$72)+SUMIF($C$8:$C$72, $AK62, $O$8:$O$72) -> 65000 | AR62: =AQ62*0.9 -> 58500 | AS62: =SUM(AN62+AQ62) -> 65000 | AT62: =AO62+AR62 -> 58500 | AW62: 50 | BB62: =COUNTIF($K$8:$K$67, "50")+COUNTIF($Y$8:$Y$67, "50") -> 0
A63: 56 | P63: 56 | AK63: 부킹 | AM63: =COUNTIF($R$8:$R$73, $AK63) -> 0 | AN63: =SUMIF($R$8:$R$73, $AK63, $Z$8:$Z$73)+SUMIF($R$8:$R$73, $AK63, $AB$8:$AB$73)+SUMIF($R$8:$R$73, $AK63, $AA$8:$AA$73)+SUMIF($R$8:$R$73, $AK63, $AE$8:$AE$73) -> 0 | AO63: =AN63*0.9 -> 0 | AP63: =COUNTIF($C$8:$C$73, $AK63) -> 0 | AQ63: =SUMIF($C$8:$C$72, $AK63, $L$8:$L$72)+SUMIF($C$8:$C$72, $AK63, $M$8:$M$72)+SUMIF($C$8:$C$72, $AK63, $N$8:$N$72)+SUMIF($C$8:$C$72, $AK63, $O$8:$O$72) -> 0 | AR63: =AQ63*0.9 -> 0 | AS63: =SUM(AN63+AQ63) -> 0 | AT63: =AO63+AR63 -> 0 | AW63: 60 | BB63: =COUNTIF($K$8:$K$67, "60")+COUNTIF($Y$8:$Y$67, "60") -> 0
A64: 57 | P64: 57 | AK64: 꿀스 | AM64: =COUNTIF($R$8:$R$73, $AK64) -> 0 | AN64: =SUMIF($R$8:$R$73, $AK64, $Z$8:$Z$73)+SUMIF($R$8:$R$73, $AK64, $AB$8:$AB$73)+SUMIF($R$8:$R$73, $AK64, $AA$8:$AA$73)+SUMIF($R$8:$R$73, $AK64, $AE$8:$AE$73) -> 0 | AO64: =AN64*0.9 -> 0 | AP64: =COUNTIF($C$8:$C$73, $AK64) -> 0 | AQ64: =SUMIF($C$8:$C$72, $AK64, $L$8:$L$72)+SUMIF($C$8:$C$72, $AK64, $M$8:$M$72)+SUMIF($C$8:$C$72, $AK64, $N$8:$N$72)+SUMIF($C$8:$C$72, $AK64, $O$8:$O$72) -> 0 | AR64: =AQ64*0.9 -> 0 | AS64: =SUM(AN64+AQ64) -> 0 | AT64: =AO64+AR64 -> 0 | AU64: 방문유형 | AW64: W | BB64: =COUNTIF($J$8:$J$67, "w")+COUNTIF($X$8:$X$67, "w") -> 0
A65: 58 | P65: 58 | AK65: 에어 | AM65: =COUNTIF($R$8:$R$73, $AK65) -> 0 | AN65: =SUMIF($R$8:$R$73, $AK65, $Z$8:$Z$73)+SUMIF($R$8:$R$73, $AK65, $AB$8:$AB$73)+SUMIF($R$8:$R$73, $AK65, $AA$8:$AA$73)+SUMIF($R$8:$R$73, $AK65, $AE$8:$AE$73) -> 0 | AO65: =AN65*0.9 -> 0 | AP65: =COUNTIF($C$8:$C$73, $AK65) -> 0 | AQ65: =SUMIF($C$8:$C$72, $AK65, $L$8:$L$72)+SUMIF($C$8:$C$72, $AK65, $M$8:$M$72)+SUMIF($C$8:$C$72, $AK65, $N$8:$N$72)+SUMIF($C$8:$C$72, $AK65, $O$8:$O$72) -> 0 | AR65: =AQ65*0.9 -> 0 | AS65: =SUM(AN65+AQ65) -> 0 | AT65: =AO65+AR65 -> 0 | AW65: C | BB65: =COUNTIF($J$8:$J$67, "c")+COUNTIF($X$8:$X$67, "c") -> 0
A66: 59 | P66: 59 | AK66: 아고다 | AM66: =COUNTIF($R$8:$R$73, $AK66) -> 0 | AN66: =SUMIF($R$8:$R$73, $AK66, $Z$8:$Z$73)+SUMIF($R$8:$R$73, $AK66, $AB$8:$AB$73)+SUMIF($R$8:$R$73, $AK66, $AA$8:$AA$73)+SUMIF($R$8:$R$73, $AK66, $AE$8:$AE$73) -> 0 | AO66: =AN66*0.9 -> 0 | AP66: =COUNTIF($C$8:$C$73, $AK66) -> 3 | AQ66: =SUMIF($C$8:$C$72, $AK66, $L$8:$L$72)+SUMIF($C$8:$C$72, $AK66, $M$8:$M$72)+SUMIF($C$8:$C$72, $AK66, $N$8:$N$72)+SUMIF($C$8:$C$72, $AK66, $O$8:$O$72) -> 173400 | AR66: =AQ66*0.9 -> 156060 | AS66: =SUM(AN66+AQ66) -> 173400 | AT66: =AO66+AR66 -> 156060
A67: 60 | P67: 60 | AK67: 익스피디아 | AM67: =COUNTIF($R$8:$R$73, $AK67) -> 0 | AN67: =SUMIF($R$8:$R$73, $AK67, $Z$8:$Z$73)+SUMIF($R$8:$R$73, $AK67, $AB$8:$AB$73)+SUMIF($R$8:$R$73, $AK67, $AA$8:$AA$73)+SUMIF($R$8:$R$73, $AK67, $AE$8:$AE$73) -> 0 | AO67: =AN67*0.9 -> 0 | AP67: =COUNTIF($C$8:$C$73, $AK67) -> 0 | AQ67: =SUMIF($C$8:$C$72, $AK67, $L$8:$L$72)+SUMIF($C$8:$C$72, $AK67, $M$8:$M$72)+SUMIF($C$8:$C$72, $AK67, $N$8:$N$72)+SUMIF($C$8:$C$72, $AK67, $O$8:$O$72) -> 0 | AR67: =AQ67*0.9 -> 0 | AS67: =SUM(AN67+AQ67) -> 0 | AT67: =AO67+AR67 -> 0 | AZ67: 대실 | BC67: 숙박
A68: 추가요금 | C68: 업그레이드 | D68: 이지원 | E68: 특가(랜덤) | F68: C | M68: 5000 | P68: 추가요금 | AK68: 트립 | AM68: =COUNTIF($R$8:$R$73, $AK68) -> 0 | AN68: =SUMIF($R$8:$R$73, $AK68, $Z$8:$Z$73)+SUMIF($R$8:$R$73, $AK68, $AB$8:$AB$73)+SUMIF($R$8:$R$73, $AK68, $AA$8:$AA$73)+SUMIF($R$8:$R$73, $AK68, $AE$8:$AE$73) -> 0 | AO68: =AN68*0.9 -> 0 | AP68: =COUNTIF($C$8:$C$73, $AK68) -> 0 | AQ68: =SUMIF($C$8:$C$72, $AK68, $L$8:$L$72)+SUMIF($C$8:$C$72, $AK68, $M$8:$M$72)+SUMIF($C$8:$C$72, $AK68, $N$8:$N$72)+SUMIF($C$8:$C$72, $AK68, $O$8:$O$72) -> 0 | AR68: =AQ68*0.9 -> 0 | AS68: =SUM(AN68+AQ68) -> 0 | AT68: =AO68+AR68 -> 0 | AZ68: =SUM(AN58+AN73) -> 0 | BC68: =AQ58+AQ73 -> 2604400
C69: 시간 연장 | D69: 정경철 | E69: 2H | M69: 40000 | AK69: 호텔나우 | AM69: =COUNTIF($R$8:$R$73, $AK69) -> 0 | AN69: =SUMIF($R$8:$R$73, $AK69, $Z$8:$Z$73)+SUMIF($R$8:$R$73, $AK69, $AB$8:$AB$73)+SUMIF($R$8:$R$73, $AK69, $AA$8:$AA$73)+SUMIF($R$8:$R$73, $AK69, $AE$8:$AE$73) -> 0 | AO69: =AN69*0.9 -> 0 | AP69: =COUNTIF($C$8:$C$73, $AK69) -> 1 | AQ69: =SUMIF($C$8:$C$72, $AK69, $L$8:$L$72)+SUMIF($C$8:$C$72, $AK69, $M$8:$M$72)+SUMIF($C$8:$C$72, $AK69, $N$8:$N$72)+SUMIF($C$8:$C$72, $AK69, $O$8:$O$72) -> 231000 | AR69: =AQ69*0.9 -> 207900 | AS69: =SUM(AN69+AQ69) -> 231000 | AT69: =AO69+AR69 -> 207900
AK70: 호텔타임 | AM70: =COUNTIF($R$8:$R$73, $AK70) -> 0 | AN70: =SUMIF($R$8:$R$73, $AK70, $Z$8:$Z$73)+SUMIF($R$8:$R$73, $AK70, $AB$8:$AB$73)+SUMIF($R$8:$R$73, $AK70, $AA$8:$AA$73)+SUMIF($R$8:$R$73, $AK70, $AE$8:$AE$73) -> 0 | AO70: =AN70*0.9 -> 0 | AP70: =COUNTIF($C$8:$C$73, $AK70) -> 0 | AQ70: =SUMIF($C$8:$C$72, $AK70, $L$8:$L$72)+SUMIF($C$8:$C$72, $AK70, $M$8:$M$72)+SUMIF($C$8:$C$72, $AK70, $N$8:$N$72)+SUMIF($C$8:$C$72, $AK70, $O$8:$O$72) -> 0 | AR70: =AQ70*0.9 -> 0 | AS70: =SUM(AN70+AQ70) -> 0 | AT70: =AO70+AR70 -> 0
AU71: 식음료/어메니티 총매출 | AZ71: =SUM(BC55) -> 8000
AM72: =COUNTIF($R$8:$R$73, $AK72) -> 0 | AN72: =SUMIF($R$8:$R$73, $AK72, $Z$8:$Z$73)+SUMIF($R$8:$R$73, $AK72, $AB$8:$AB$73)+SUMIF($R$8:$R$73, $AK72, $AA$8:$AA$73)+SUMIF($R$8:$R$73, $AK72, $AE$8:$AE$73) -> 0 | AP72: =COUNTIF($C$8:$C$73, $AK72) -> 0 | AQ72: =SUMIF($C$8:$C$72, $AK72, $L$8:$L$72)+SUMIF($C$8:$C$72, $AK72, $M$8:$M$72)+SUMIF($C$8:$C$72, $AK72, $N$8:$N$72)+SUMIF($C$8:$C$72, $AK72, $O$8:$O$72) -> 0 | AS72: =SUM(AN72+AQ72) -> 0 | AT72: =AO72+AR72 -> 0 | AU72: 총매출 | AZ72: =BD16 -> 2657400
AI73: 소계 | AM73: =SUM(AM60:AM72) -> 0 | AN73: =SUM(AN60:AN72) -> 0 | AO73: =SUM(AO60:AO72) -> 0 | AP73: =SUM(AP60:AP72) -> 30 | AQ73: =SUM(AQ60:AQ72) -> 2604400 | AR73: =SUM(AR60:AR72) -> 2343960 | AS73: =SUM(AS60:AS72) -> 2604400 | AT73: =SUM(AT60:AT72) -> 2343960 | AU73: 순매출 | AZ73: =AS58+AT73 -> 2343960

Sheet 6
A1: 객실판매일보 | P1: 근무자 | S1: 이정경 주간/김선우 야간/황경현 팀장 | Z1: 날짜 | AA1: 45906 | AI1: 일일영업현황보고서
A2: 일매출 | C2: =AZ72 -> 4264152 | G2: 대실 | H2: =COUNTA($Z$8:$AE$67) -> 0 | M2: 숙박 | N2: =COUNTA($L$8:$O$67) -> 39 | Z2: 현금 시재 | AA2: 시작 | AB2: 371500 | AI2: 보고기준일 | AL2: ='6'!AA1 -> 45906 | AP2: 보고일자 | AS2: =AA1+1 -> 45907 | AZ2: 작성자 | BA2: =S1 -> 이정경 주간/김선우 야간/황경현 팀장
H3: =SUM(Z8:AE76)+AZ21 -> 0 | N3: =SUM(L8:O76)+AZ20 -> 4264152 | AA3: 마감 | AB3: 307500
A4: 숙 박 | N4: =SUM(COUNTIF(B8:B67,{301,302,303,305,306,307,308,309,501,502,503,505,701,702,703,705,706,707,708,709})) -> 9 | O4: =SUM(COUNTIF(B8:B67,{201,202,203,205,206,207,208,209,506,507,508,509,601,602,603,605,606,607,608,609})) -> 2 | P4: 대 실 | AF4: =SUM(COUNTIF(S8:S67,{301,302,303,305,306,307,308,309,501,502,503,505,701,702,703,705,706,707,708,709})) -> 0 | AG4: =SUM(COUNTIF(S8:S67,{201,202,203,205,206,207,208,209,506,507,508,509,601,602,603,605,606,607,608,609})) -> 0
A5: 타입 | C5: C | D5: B | E5: AT | F5: AD | G5: SD | H5: ST | I5: V | J5: 특 | N5: 남은 객실 | P5: 매출보고 | R5: 현금 | S5: 계좌 | T5: 카드 | U5: 야놀자 | W5: 여기어때 | Y5: 네이버 | AA5: 부킹 | AB5: 아고다 | AC5: 익스피디아 | AD5: 트립 | AE5: 에어 | AF5: 호텔나우 | AG5: 호텔타임
A6: 잔여수량 | C6: =AL31 -> 0 | D6: =AN31 -> 0 | E6: =AP31 -> 0 | F6: =AR31 -> 0 | G6: =AS31 -> 0 | H6: =AU31 -> 1 | I6: =AW31 -> 0 | J6: =AX31 -> 0 | N6: =C6+D6+E6+F6+G6+H6+I6+J6+K6 -> 1 | P6: =C2 -> 4264152 | R6: =AN14+AN15 -> 6000 | S6: =AZ14+AZ15 -> 0 | T6: =AR14+AR15 -> 296000 | U6: =AS60 -> 1125000 | W6: =AS61 -> 1110000 | Y6: =AS62 -> 95000 | AA6: =AS63 -> 0 | AB6: =AS66 -> 459000 | AC6: =AS67 -> 86422 | AD6: =SUMIFS(O7:O47,C7:C47,"트립") -> 292825 | AE6: =AS65 -> 584905 | AF6: =AS69 -> 209000 | AG6: =AS70 -> 0
A7: 번호 | B7: 호실 | C7: 채널명 | D7: 고객명 | E7: 비고 | F7: 타입 | G7: 기간 | H7: 체크인 | I7: 체크아웃 | J7: 작성자 | K7: 비품 | L7: 현금 | M7: 카드 | N7: 계좌이체 | O7: 온라인 | P7: 번호 | Q7: 호실 | R7: 채널명 | S7: 고객명 | T7: 비고 | U7: 타입 | V7: 체크인 | W7: 체크아웃 | X7: 작성자 | Y7: 비품 | Z7: 현금 | AA7: 카드 | AB7: 계좌이체 | AE7: 온라인
A8: 1 | B8: 307 | C8: 수분양자 | D8: 노현찬 | E8: 609호 | F8: C | G8: 1 | H8: 15:00 | I8: 11:00 | O8: 0 | P8: 1 | AI8: 총 매 출 | AK8: 구분 | AL8: 현금 | AP8: 카드 | AT8: 온라인 | AX8: 계좌이체 | BB8: 소계
A9: 2 | B9: 303 | C9: 트립 | D9: 김민수 | F9: C | G9: 1 | H9: 15:00 | I9: 11:00 | J9: 이 | O9: 141100 | P9: 2 | AL9: 건수 | AN9: 금액 | AP9: 건수 | AR9: 금액 | AT9: 건수 | AV9: 금액 | AX9: 건수 | AZ9: 금액 | BB9: 건수 | BD9: 금액
A10: 3 | B10: 709 | C10: 여기어때 | D10: 김보결 | F10: ST | G10: 1 | H10: 15:00 | I10: 11:00 | J10: 황 | K10: 2 | O10: 135000 | P10: 3 | AK10: 숙박 | AL10: =COUNTA($L$8:$L$67) -> 0 | AN10: =SUM(L8:L67) -> 0 | AP10: =COUNT(M8:M67) -> 1 | AR10: =SUM(M8:M67) -> 270000 | AT10: =COUNTA($O$8:$O$67) -> 38 | AV10: =SUM(O8:O67) -> 3962152 | AX10: =COUNTA($N$8:$N$67) -> 0 | AZ10: =SUM(N8:N67) -> 0 | BB10: =SUM(AL10+AP10+AT10+AX10) -> 39 | BD10: =SUM(AN10+AR10+AV10+AZ10) -> 4232152
A11: 4 | B11: 308 | C11: 트립 | D11: P/HW | E11: C업그레이드 | F11: SD | G11: 1 | H11: 15:00 | I11: 11:00 | J11: 김 | O11: 151725 | P11: 4 | AK11: 대실 | AL11: =COUNTA($Z$8:$Z$67) -> 0 | AN11: =SUM(Z8:Z67) -> 0 | AP11: =COUNTA($AA$8:$AA$67) -> 0 | AR11: =SUM(AA8:AA67) -> 0 | AT11: =COUNTA($AE$8:$AE$67) -> 0 | AV11: =SUM(AE8:AE67) -> 0 | AX11: =COUNTA($AB$8:$AB$68) -> 0 | AZ11: =SUM(AB8:AB67) -> 0 | BB11: =SUM(AL11+AP11+AT11+AX11) -> 0 | BD11: =SUM(AN11+AR11+AV11+AZ11) -> 0
A12: 5 | B12: 811 | C12: 야놀자 | D12: 권돈혁 | E12: 특가(랜덤) | F12: B | G12: 1 | H12: 15:00 | I12: 11:00 | J12: 황 | O12: 120000 | P12: 5 | AK12: 추가숙박 | AL12: =COUNTA($L$68:$L$76) -> 0 | AN12: =SUM(L68:L76) -> 0 | AP12: =COUNTA($M$68:$M$76) -> 1 | AR12: =SUM(M68:M76) -> 10000 | AT12: =COUNTA($O$68:$O$76) -> 0 | AV12: =SUM(O68:O76) -> 0 | AX12: =COUNTA($N$68:$N$76) -> 0 | AZ12: =SUM(N68:N76) -> 0 | BB12: =SUM(AL12+AP12+AT12+AX12) -> 1 | BD12: =SUM(AN12+AR12+AV12+AZ12) -> 10000
A13: 6 | B13: 309 | C13: 여기어때 | D13: 조영주 | F13: C | G13: 1 | H13: 15:00 | I13: 11:00 | J13: 김 | O13: 125000 | P13: 6 | AK13: 추가대실 | AL13: =COUNTA($Z$68:$Z$76) -> 0 | AN13: =SUM(Z68:Z76) -> 0 | AP13: =COUNTA($AA$68:$AA$76) -> 0 | AR13: =SUM(AA68:AA76) -> 0 | AT13: =COUNTA($AE$68:$AE$76) -> 0 | AV13: =SUM(AE68:AE76) -> 0 | AX13: =COUNTA($AB$68:$AB$76) -> 0 | AZ13: =SUM(AB68:AB76) -> 0 | BB13: =SUM(AL13+AP13+AT13+AX13) -> 0 | BD13: =SUM(AN13+AR13+AV13+AZ13) -> 0
A14: 7 | B14: 1004 | C14: 여기어때 | D14: 박민정 | E14: C업그레이드 | F14: SD | G14: 1 | H14: 15:00 | I14: 11:00 | J14: 이 | O14: 125000 | P14: 7 | AK14: 소계 | AL14: =SUM(AL10:AM11) -> 0 | AN14: =SUM(AN10:AO13) -> 0 | AP14: =SUM(AP10:AQ11) -> 1 | AR14: =SUM(AR10:AS13) -> 280000 | AT14: =SUM(AT10:AU11) -> 38 | AV14: =SUM(AV10:AW13) -> 3962152 | AX14: =SUM(AX10:AY11) -> 0 | AZ14: =SUM(AZ10:BA13) -> 0 | BB14: =SUM(AL14+AP14+AT14+AX14) -> 39 | BD14: =SUM(BD10:BE13) -> 4242152
A15: 8 | B15: 1105 | C15: 여기어때 | D15: 이태연 | F15: AD | G15: 1 | H15: 15:00 | I15: 11:00 | J15: 이 | K15: 2 | O15: 130000 | P15: 8 | AK15: 어메니티 | AL15: =AL24 -> 3 | AN15: =AN24 -> 6000 | AP15: =AP24 -> 8 | AR15: =AR24 -> 16000 | AX15: =AT24 -> 0 | AZ15: =AV24 -> 0 | BB15: =AX24 -> 11 | BD15: =SUM(AN15+AR15+AV15+AZ15) -> 22000
A16: 9 | B16: 902 | C16: 아고다 | D16: 유승수1 | E16: C업그레이드 | F16: SD | G16: 1 | H16: 15:00 | I16: 11:00 | J16: 양 | O16: 255000 | P16: 9 | BB16: 총합계 | BD16: =BD14+BD15 -> 4264152
A17: 10 | B17: 907 | C17: 아고다 | D17: 유승수2 | E17: C업그레이드 | F17: SD | G17: 1 | H17: 15:00 | I17: 11:00 | J17: 양 | O17: 0 | P17: 10
A18: 11 | B18: 1107 | C18: 야놀자 | D18: 김재현 | E18: C업그레이드 | F18: SD | G18: 1 | H18: 15:00 | I18: 11:00 | J18: 이 | O18: 105000 | P18: 11 | AI18: 어메니티 판매현황 | AK18: 구분 | AL18: 현금 (1) | AP18: 카드 (2) | AT18: 계좌이체 (3) | AX18: 소계
A19: 12 | B19: 615 | C19: 야놀자 | D19: 박정섭 | E19: 특가(랜덤) | F19: AT | G19: 1 | H19: 15:00 | I19: 11:00 | J19: 황 | O19: 100000 | P19: 12 | AL19: 건수 | AN19: 금액 | AP19: 건수 | AR19: 금액 | AT19: 건수 | AV19: 금액 | AX19: 건수 | AZ19: 금액
A20: 13 | B20: 305 | C20: 에어 | D20: Antoine/ | E20: Arfaoui | F20: C | G20: 1/5 | H20: 15:00 | I20: 11:00 | J20: 이 | K20: 2 | O20: 475152 | P20: 13 | AK20: 숙박 | AL20: =COUNTIF(K7:K67,1) -> 3 | AN20: =AL20*2000 -> 6000 | AP20: =COUNTIF(K7:K67,2) -> 8 | AR20: =AP20*2000 -> 16000 | AT20: =COUNTIF(K8:K67,3) -> 0 | AV20: =AT20*2000 -> 0 | AX20: =SUM(AL20+AP20+AT20) -> 11 | AZ20: =SUM(AJ20+AN20+AR20+AV20) -> 22000
A21: 14 | B21: 409 | C21: 호텔나우 | D21: 장민익 | E21: C업그레이드 | F21: SD | G21: 1 | H21: 15:00 | I21: 11:00 | J21: 이 | K21: 2 | O21: 104500 | P21: 14 | AK21: 대실 | AL21: =COUNTIF(Y7:Y67,1) -> 0 | AN21: =AL21*2000 -> 0 | AP21: =COUNTIF(Y7:Y67,2) -> 0 | AR21: =AP21*2000 -> 0 | AT21: =COUNTIF(Y8:Y67,3) -> 0 | AV21: =AT21*2000 -> 0 | AX21: =SUM(AL21+AP21+AT21) -> 0 | AZ21: =SUM(AJ21+AN21+AR21+AV21) -> 0
A22: 15 | B22: 609 | C22: 아고다 | D22: 김동환 | E22: C업그레이드 | F22: SD | G22: 1 | H22: 15:00 | I22: 11:00 | J22: 이 | O22: 96900 | P22: 15 | AK22: 추가 | AX22: =SUM(AL22+AP22+AT22) -> 0 | AZ22: =SUM(AJ22+AN22+AR22+AV22) -> 0
A23: 16 | B23: 1206 | C23: 아고다 | D23: 정경서 | E23: SD업그레이드 | F23: AD | G23: 1 | H23: 15:00 | I23: 11:00 | J23: 이 | O23: 107100 | P23: 16 | AX23: =SUM(AH23+AL23+AP23+AT23) -> 0 | AZ23: =SUM(AJ23+AN23+AR23+AV23) -> 0
A24: 17 | B24: 501 | C24: 야놀자 | D24: 김도완 | E24: SD업그레이드 | F24: V | G24: 1 | H24: 15:00 | I24: 11:00 | J24: 이 | O24: 105000 | P24: 17 | AK24: 소계 | AL24: =SUM(AL20:AM23) -> 3 | AN24: =SUM(AN20:AO23) -> 6000 | AP24: =SUM(AP20:AQ23) -> 8 | AR24: =SUM(AR20:AS23) -> 16000 | AT24: =SUM(AT20:AU23) -> 0 | AV24: =SUM(AV20:AW23) -> 0 | AX24: =SUM(AH24+AL24+AP24+AT24) -> 11 | AZ24: =SUM(AZ20:BA23) -> 22000
A25: 18 | B25: 701 | C25: 야놀자 | D25: 전호정 | F25: V | G25: 1 | H25: 15:00 | I25: 11:00 | J25: 김 | O25: 110000 | P25: 18
A26: 19 | B26: 1111 | C26: 야놀자 | D26: 이제훈 | E26: 특가(랜덤) | F26: B | G26: 1 | H26: 15:00 | I26: 11:00 | J26: 김 | O26: 90000 | P26: 19
A27: 20 | B27: 1210 | C27: 야놀자 | D27: 정우진 | F27: V | G27: 1 | H27: 15:00 | I27: 11:00 | J27: 황 | O27: 110000 | P27: 20 | AJ27: 객실 타입 별 예약 현황
A28: 21 | B28: 1011 | C28: 여기어때 | D28: 유성주 | E28: 특가(랜덤) | F28: B | G28: 1 | H28: 15:00 | I28: 11:00 | J28: 황 | K28: 2 | O28: 90000 | P28: 21 | AJ28: 타입 | AL28: C | AN28: B | AP28: AT | AR28: AD | AS28: SD | AU28: ST | AW28: V | AX28: 특
A29: 22 | B29: 713 | C29: 야놀자 | D29: 김성민 | E29: B업그레이드 | F29: AT | G29: 1 | H29: 15:00 | I29: 11:00 | J29: 황 | K29: 2 | O29: 95000 | P29: 22 | AJ29: 기준수량 | AL29: 5 | AN29: 4 | AP29: 10 | AR29: 2 | AS29: 9 | AU29: 5 | AW29: 5 | AX29: 0 | AZ29: 0
A30: 23 | B30: 1214 | C30: 호텔나우 | D30: 주원일 | E30: B업그레이드 | F30: AT | G30: 1 | H30: 15:00 | I30: 11:00 | J30: 이 | K30: 1 | O30: 104500 | P30: 23 | AJ30: 예약수량 | AL30: =COUNTIF(F8:F67,"c") -> 5 | AN30: =COUNTIF(F8:F67,"b") -> 4 | AP30: =COUNTIF(F8:F67,"at") -> 10 | AR30: =COUNTIF(F8:F67,"aD") -> 2 | AS30: =COUNTIF(F8:F67,"sd") -> 9 | AU30: =COUNTIF(F8:F67,"st") -> 4 | AW30: =COUNTIF(F8:F67,"v") -> 5 | AX30: =COUNTIF(F8:F67,"PA") -> 0 | AZ30: =COUNTIF(F8:F67,"특") -> 0
A31: 24 | B31: 1110 | C31: 현장결제 | D31: 고태원 | E31: 010-3833-8064 | F31: V | G31: 1/3 | H31: 15:00 | I31: 11:00 | J31: 이 | M31: 270000 | P31: 24 | AJ31: 잔여수량 | AL31: =AL29-AL30 -> 0 | AN31: =AN29-AN30 -> 0 | AP31: =AP29-AP30 -> 0 | AR31: =AR29-AR30 -> 0 | AS31: =AS29-AS30 -> 0 | AU31: =AU29-AU30 -> 1 | AW31: =AW29-AW30 -> 0 | AX31: =AX29-AX30 -> 0 | AZ31: =AZ29-AZ30 -> 0
A32: 25 | B32: 906 | C32: 여기어때 | D32: 권민지 | E32: AD 이슈 | F32: ST | G32: 1 | H32: 15:00 | I32: 11:00 | J32: 이 | O32: 100000 | P32: 25 | AK32: `
A33: 26 | B33: 911 | C33: 여기어때 | D33: 이예주 | E33: 특가(랜덤) | F33: B | G33: 1 | H33: 15:00 | I33: 11:00 | J33: 이 | K33: 2 | O33: 90000 | P33: 26
A34: 27 | B34: 1115 | C34: 익스피디아 | D34: 서채연 | E34: B업그레이드 | F34: AT | G34: 1 | H34: 15:00 | I34: 11:00 | J34: 황 | O34: 86422 | P34: 27
A35: 28 | B35: 1215 | C35: 야놀자 | D35: 주예진 | E35: 특가(랜덤) | F35: AT | G35: 1 | H35: 15:00 | I35: 11:00 | J35: 황 | O35: 90000 | P35: 28
A36: 29 | B36: 1112 | C36: 여기어때 | D36: 장진희 | E36: 특가(랜덤) | F36: AT | G36: 1 | H36: 15:00 | I36: 11:00 | J36: 이 | K36: 2 | O36: 90000 | P36: 29
A37: 30 | B37: 1116 | C37: 야놀자 | D37: 이선화 | F37: AT | G37: 1 | H37: 15:00 | I37: 11:00 | J37: 이 | O37: 100000 | P37: 30
A38: 31 | B38: 1216 | C38: 여기어때 | D38: 임수아 | E38: B업그레이드 | F38: AT | G38: 1 | H38: 15:00 | I38: 11:00 | J38: 황 | O38: 95000 | P38: 31
A39: 32 | B39: 1114 | C39: 에어 | D39: 최강 | E39: B업그레이드 | F39: AT | G39: 1 | H39: 15:00 | I39: 11:00 | J39: 이 | O39: 109753 | P39: 32
A40: 33 | B40: 715 | C40: 네이버 | D40: 김상완 | E40: B업그레이드 | F40: AT | G40: 1 | H40: 15:00 | I40: 11:00 | J40: 이 | K40: 1 | O40: 95000 | P40: 33
A41: 34 | B41: 406 | C41: 야놀자 | D41: 권기선 | E41: AT업그레이드 | F41: ST | G41: 1 | H41: 15:00 | I41: 11:00 | J41: 이 | K41: 1 | O41: 100000 | P41: 34
A42: 35 | B42: 702 | C42: 여기어때 | D42: 강하나 | F42: ST | G42: 1 | H42: 15:00 | I42: 11:00 | J42: 김 | O42: 130000 | P42: 35
A43: 36 | P43: 36
A44: 37 | B44: 809 | C44: 야놀자 | D44: 모은지 | E44: C업그레이드 | F44: SD | G44: 2/2 | H44: 15:00 | I44: 11:00 | J44: 김 | O44: 0 | P44: 37
A45: 38 | B45: 401 | C45: 야놀자 | D45: 김화랑 | F45: V | G45: 2/2 | H45: 15:00 | I45: 11:00 | J45: 이 | O45: 0 | P45: 38
A46: 39 | B46: 805 | C46: 여기어때 | D46: 김민수 | F46: C | G46: 2/2 | H46: 15:00 | I46: 11:00 | J46: 이 | O46: 0 | P46: 39
A47: 40 | B47: 506 | C47: 호텔나우 | D47: 김진완 | F47: SD | G47: 2/2 | H47: 15:00 | I47: 11:00 | J47: 김 | O47: 0 | P47: 40
A48: 41 | P48: 41
A49: 42 | P49: 42
A50: 43 | P50: 43 | AI50: 2. 영업분석표
A51: 44 | P51: 44 | AI51: 구분 | AK51: 상세 | AM51: 대실 | AP51: 숙박 | AS51: 총 합계 | AU51: 구분 | AW51: 식 / 음료 | BC51: 총 합계
A52: 45 | P52: 45 | AK52: 건 | AM52: 건 | AN52: 금액 | AP52: 건 | AQ52: 금액 | AW52: 품목 | BA52: 건
A53: 46 | P53: 46 | AI53: 오프라인 | AK53: 워크인 | AM53: =COUNTIF($R$8:$R$67, "워크인") -> 0 | AN53: =SUMIF($R$8:$R$73, "워크인", $AE$8:$AE$73)+SUMIF($R$8:$R$73, "워크인", $AB$8:$AB$73)+SUMIF($R$8:$R$73, "워크인", $AA$8:$AA$73)+SUMIF($R$8:$R$73, "워크인", $Z$8:$Z$73) -> 0 | AP53: =COUNTIF($C$8:$C$67, "워크인") -> 0 | AQ53: =SUMIF($C$8:$C$72, "워크인", $L$8:$L$72)+SUMIF($C$8:$C$72, "워크인", $M$8:$M$72)+SUMIF($C$8:$C$72, "워크인", $N$8:$N$72)+SUMIF($C$8:$C$72, "워크인", $O$8:$O$72) -> 0 | AS53: =SUM(AN53+AQ53) -> 0 | AU53: 식음료 | AW53: 맥주
A54: 47 | P54: 47 | AK54: 무료 | AM54: =COUNTIF($R$8:$R$73, "무료") -> 0 | AN54: =SUMIF($R$8:$R$73, "무료", $AE$8:$AE$73)+SUMIF($R$8:$R$73, "무료", $AB$8:$AB$73)+SUMIF($R$8:$R$73, "무료", $AA$8:$AA$73)+SUMIF($R$8:$R$73, "무료", $Z$8:$Z$73) -> 0 | AP54: =COUNTIF($C$8:$C$76, "무료") -> 0 | AQ54: =SUMIF($C$8:$C$72, "무료", $L$8:$L$72)+SUMIF($C$8:$C$72, "무료", $M$8:$M$72)+SUMIF($C$8:$C$72, "무료", $N$8:$N$72)+SUMIF($C$8:$C$72, "무료", $O$8:$O$72) -> 0 | AS54: =SUM(AN54+AQ54) -> 0 | AW54: 어메니티 | BA54: =AX24 -> 11 | BC54: =AZ24 -> 22000
A55: 48 | P55: 48 | AK55: 계좌 | AM55: =COUNTIF($R$8:$R$73, "계좌") -> 0 | AN55: =SUMIF($R$8:$R$73, "계좌", $AE$8:$AE$73)+SUMIF($R$8:$R$73, "계좌", $AB$8:$AB$73)+SUMIF($R$8:$R$73, "계좌", $AA$8:$AA$73)+SUMIF($R$8:$R$73, "계좌", $Z$8:$Z$73) -> 0 | AP55: =COUNTIF($C$8:$C$76, "계좌") -> 0 | AQ55: =SUMIF($C$8:$C$72, "계좌", $L$8:$L$72)+SUMIF($C$8:$C$72, "계좌", $M$8:$M$72)+SUMIF($C$8:$C$72, "계좌", $N$8:$N$72)+SUMIF($C$8:$C$72, "계좌", $O$8:$O$72) -> 0 | AS55: =SUM(AN55+AQ55) -> 0 | AW55: 합계 | BA55: =SUM(BA53:BB54) -> 11 | BC55: =SUM(BC53:BE54) -> 22000
A56: 49 | P56: 49 | AI56: 그외 | AM56: =COUNTIF($R$8:$R$73, "부킹닷컴") -> 0 | AN56: =SUMIF($R$8:$R$73, "부킹닷컴", $AE$8:$AE$73)+SUMIF($R$8:$R$73, "부킹닷컴", $AB$8:$AB$73)+SUMIF($R$8:$R$73, "부킹닷컴", $AA$8:$AA$73)+SUMIF($R$8:$R$73, "부킹닷컴", $Z$8:$Z$73) -> 0 | AP56: =COUNTIF($C$8:$C$76, "부킹닷컴") -> 0 | AQ56: =SUMIF($C$8:$C$72, "부킹닷컴", $L$8:$L$72)+SUMIF($C$8:$C$72, "부킹닷컴", $M$8:$M$72)+SUMIF($C$8:$C$72, "부킹닷컴", $N$8:$N$72)+SUMIF($C$8:$C$72, "부킹닷컴", $O$8:$O$72) -> 0 | AS56: =SUM(AN56+AQ56) -> 0
A57: 50 | P57: 50 | AK57: 추가 | AN57: =SUMIF($R$68:$R$72, "추가", $AA$68:$AA$72)+SUMIF($R$68:$R$72, "추가", $Z$68:$Z$72) -> 0 | AQ57: =SUMIF($C$68:$C$72, "추가", $L$68:$L$72)+SUMIF($C$68:$C$72, "추가", $M$68:$M$72)+SUMIF($C$68:$C$72, "추가", $N$68:$N$72)+SUMIF($C$68:$C$72, "추가", $O$68:$O$72) -> 0 | AS57: =SUM(AN57+AQ57) -> 0
A58: 51 | P58: 51 | AI58: 소계 | AM58: =SUM(AM53:AM56) -> 0 | AN58: =SUM(AN53:AO57) -> 0 | AP58: =SUM(AP53:AP57) -> 0 | AQ58: =SUM(AQ53:AR57) -> 0 | AS58: =SUM(AS53:AT57) -> 0
A59: 52 | P59: 52 | AI59: 온라인 | AK59: 채널명 | AM59: 건수 | AN59: 판매가 | AO59: 입금가 | AP59: 건수 | AQ59: 판매가 | AR59: 입금가 | AS59: 판매합계 | AT59: 입금합계 | AU59: 고객연령 | AW59: 20 | BB59: =COUNTIF($K$8:$K$67, "20")+COUNTIF($Y$8:$Y$67, "20") -> 0
A60: 53 | P60: 53 | AK60: 야놀자 | AM60: =COUNTIF($R$8:$R$73, $AK60) -> 0 | AN60: =SUMIF($R$8:$R$73, $AK60, $Z$8:$Z$73)+SUMIF($R$8:$R$73, $AK60, $AB$8:$AB$73)+SUMIF($R$8:$R$73, $AK60, $AA$8:$AA$73)+SUMIF($R$8:$R$73, $AK60, $AE$8:$AE$73) -> 0 | AO60: =AN60*0.9 -> 0 | AP60: =COUNTIF($C$8:$C$73, $AK60) -> 13 | AQ60: =SUMIF($C$8:$C$72, $AK60, $L$8:$L$72)+SUMIF($C$8:$C$72, $AK60, $M$8:$M$72)+SUMIF($C$8:$C$72, $AK60, $N$8:$N$72)+SUMIF($C$8:$C$72, $AK60, $O$8:$O$72) -> 1125000 | AR60: =AQ60*0.9 -> 1012500 | AS60: =SUM(AN60+AQ60) -> 1125000 | AT60: =AO60+AR60 -> 1012500 | AW60: 30 | BB60: =COUNTIF($K$8:$K$67, "30")+COUNTIF($Y$8:$Y$67, "30") -> 0
A61: 54 | P61: 54 | AK61: 여기어때 | AM61: =COUNTIF($R$8:$R$73, $AK61) -> 0 | AN61: =SUMIF($R$8:$R$73, $AK61, $Z$8:$Z$73)+SUMIF($R$8:$R$73, $AK61, $AB$8:$AB$73)+SUMIF($R$8:$R$73, $AK61, $AA$8:$AA$73)+SUMIF($R$8:$R$73, $AK61, $AE$8:$AE$73) -> 0 | AO61: =AN61*0.9 -> 0 | AP61: =COUNTIF($C$8:$C$73, $AK61) -> 11 | AQ61: =SUMIF($C$8:$C$72, $AK61, $L$8:$L$72)+SUMIF($C$8:$C$72, $AK61, $M$8:$M$72)+SUMIF($C$8:$C$72, $AK61, $N$8:$N$72)+SUMIF($C$8:$C$72, $AK61, $O$8:$O$72) -> 1110000 | AR61: =AQ61*0.9 -> 999000 | AS61: =SUM(AN61+AQ61) -> 1110000 | AT61: =AO61+AR61 -> 999000 | AW61: 40 | BB61: =COUNTIF($K$8:$K$67, "40")+COUNTIF($Y$8:$Y$67, "40") -> 0
A62: 55 | P62: 55 | AK62: 네이버 | AM62: =COUNTIF($R$8:$R$73, $AK62) -> 0 | AN62: =SUMIF($R$8:$R$73, $AK62, $Z$8:$Z$73)+SUMIF($R$8:$R$73, $AK62, $AB$8:$AB$73)+SUMIF($R$8:$R$73, $AK62, $AA$8:$AA$73)+SUMIF($R$8:$R$73, $AK62, $AE$8:$AE$73) -> 0 | AO62: =AN62*0.9 -> 0 | AP62: =COUNTIF($C$8:$C$73, $AK62) -> 1 | AQ62: =SUMIF($C$8:$C$72, $AK62, $L$8:$L$72)+SUMIF($C$8:$C$72, $AK62, $M$8:$M$72)+SUMIF($C$8:$C$72, $AK62, $N$8:$N$72)+SUMIF($C$8:$C$72, $AK62, $O$8:$O$72) -> 95000 | AR62: =AQ62*0.9 -> 85500 | AS62: =SUM(AN62+AQ62) -> 95000 | AT62: =AO62+AR62 -> 85500 | AW62: 50 | BB62: =COUNTIF($K$8:$K$67, "50")+COUNTIF($Y$8:$Y$67, "50") -> 0
A63: 56 | P63: 56 | AK63: 부킹 | AM63: =COUNTIF($R$8:$R$73, $AK63) -> 0 | AN63: =SUMIF($R$8:$R$73, $AK63, $Z$8:$Z$73)+SUMIF($R$8:$R$73, $AK63, $AB$8:$AB$73)+SUMIF($R$8:$R$73, $AK63, $AA$8:$AA$73)+SUMIF($R$8:$R$73, $AK63, $AE$8:$AE$73) -> 0 | AO63: =AN63*0.9 -> 0 | AP63: =COUNTIF($C$8:$C$73, $AK63) -> 0 | AQ63: =SUMIF($C$8:$C$72, $AK63, $L$8:$L$72)+SUMIF($C$8:$C$72, $AK63, $M$8:$M$72)+SUMIF($C$8:$C$72, $AK63, $N$8:$N$72)+SUMIF($C$8:$C$72, $AK63, $O$8:$O$72) -> 0 | AR63: =AQ63*0.9 -> 0 | AS63: =SUM(AN63+AQ63) -> 0 | AT63: =AO63+AR63 -> 0 | AW63: 60 | BB63: =COUNTIF($K$8:$K$67, "60")+COUNTIF($Y$8:$Y$67, "60") -> 0
A64: 57 | P64: 57 | AK64: 꿀스 | AM64: =COUNTIF($R$8:$R$73, $AK64) -> 0 | AN64: =SUMIF($R$8:$R$73, $AK64, $Z$8:$Z$73)+SUMIF($R$8:$R$73, $AK64, $AB$8:$AB$73)+SUMIF($R$8:$R$73, $AK64, $AA$8:$AA$73)+SUMIF($R$8:$R$73, $AK64, $AE$8:$AE$73) -> 0 | AO64: =AN64*0.9 -> 0 | AP64: =COUNTIF($C$8:$C$73, $AK64) -> 0 | AQ64: =SUMIF($C$8:$C$72, $AK64, $L$8:$L$72)+SUMIF($C$8:$C$72, $AK64, $M$8:$M$72)+SUMIF($C$8:$C$72, $AK64, $N$8:$N$72)+SUMIF($C$8:$C$72, $AK64, $O$8:$O$72) -> 0 | AR64: =AQ64*0.9 -> 0 | AS64: =SUM(AN64+AQ64) -> 0 | AT64: =AO64+AR64 -> 0 | AU64: 방문유형 | AW64: W | BB64: =COUNTIF($J$8:$J$67, "w")+COUNTIF($X$8:$X$67, "w") -> 0
A65: 58 | P65: 58 | AK65: 에어 | AM65: =COUNTIF($R$8:$R$73, $AK65) -> 0 | AN65: =SUMIF($R$8:$R$73, $AK65, $Z$8:$Z$73)+SUMIF($R$8:$R$73, $AK65, $AB$8:$AB$73)+SUMIF($R$8:$R$73, $AK65, $AA$8:$AA$73)+SUMIF($R$8:$R$73, $AK65, $AE$8:$AE$73) -> 0 | AO65: =AN65*0.9 -> 0 | AP65: =COUNTIF($C$8:$C$73, $AK65) -> 2 | AQ65: =SUMIF($C$8:$C$72, $AK65, $L$8:$L$72)+SUMIF($C$8:$C$72, $AK65, $M$8:$M$72)+SUMIF($C$8:$C$72, $AK65, $N$8:$N$72)+SUMIF($C$8:$C$72, $AK65, $O$8:$O$72) -> 584905 | AR65: =AQ65*0.9 -> 526414.5 | AS65: =SUM(AN65+AQ65) -> 584905 | AT65: =AO65+AR65 -> 526414.5 | AW65: C | BB65: =COUNTIF($J$8:$J$67, "c")+COUNTIF($X$8:$X$67, "c") -> 0
A66: 59 | P66: 59 | AK66: 아고다 | AM66: =COUNTIF($R$8:$R$73, $AK66) -> 0 | AN66: =SUMIF($R$8:$R$73, $AK66, $Z$8:$Z$73)+SUMIF($R$8:$R$73, $AK66, $AB$8:$AB$73)+SUMIF($R$8:$R$73, $AK66, $AA$8:$AA$73)+SUMIF($R$8:$R$73, $AK66, $AE$8:$AE$73) -> 0 | AO66: =AN66*0.9 -> 0 | AP66: =COUNTIF($C$8:$C$73, $AK66) -> 4 | AQ66: =SUMIF($C$8:$C$72, $AK66, $L$8:$L$72)+SUMIF($C$8:$C$72, $AK66, $M$8:$M$72)+SUMIF($C$8:$C$72, $AK66, $N$8:$N$72)+SUMIF($C$8:$C$72, $AK66, $O$8:$O$72) -> 459000 | AR66: =AQ66*0.9 -> 413100 | AS66: =SUM(AN66+AQ66) -> 459000 | AT66: =AO66+AR66 -> 413100
A67: 60 | P67: 60 | AK67: 익스피디아 | AM67: =COUNTIF($R$8:$R$73, $AK67) -> 0 | AN67: =SUMIF($R$8:$R$73, $AK67, $Z$8:$Z$73)+SUMIF($R$8:$R$73, $AK67, $AB$8:$AB$73)+SUMIF($R$8:$R$73, $AK67, $AA$8:$AA$73)+SUMIF($R$8:$R$73, $AK67, $AE$8:$AE$73) -> 0 | AO67: =AN67*0.9 -> 0 | AP67: =COUNTIF($C$8:$C$73, $AK67) -> 1 | AQ67: =SUMIF($C$8:$C$72, $AK67, $L$8:$L$72)+SUMIF($C$8:$C$72, $AK67, $M$8:$M$72)+SUMIF($C$8:$C$72, $AK67, $N$8:$N$72)+SUMIF($C$8:$C$72, $AK67, $O$8:$O$72) -> 86422 | AR67: =AQ67*0.9 -> 77779.8 | AS67: =SUM(AN67+AQ67) -> 86422 | AT67: =AO67+AR67 -> 77779.8 | AZ67: 대실 | BC67: 숙박
A68: 추가요금 | C68: 시간 연장 | D68: 1116호 | E68: 1H | I68: 12:00 | M68: 10000 | P68: 추가요금 | AK68: 트립 | AM68: =COUNTIF($R$8:$R$73, $AK68) -> 0 | AN68: =SUMIF($R$8:$R$73, $AK68, $Z$8:$Z$73)+SUMIF($R$8:$R$73, $AK68, $AB$8:$AB$73)+SUMIF($R$8:$R$73, $AK68, $AA$8:$AA$73)+SUMIF($R$8:$R$73, $AK68, $AE$8:$AE$73) -> 0 | AO68: =AN68*0.9 -> 0 | AP68: =COUNTIF($C$8:$C$73, $AK68) -> 2 | AQ68: =SUMIF($C$8:$C$72, $AK68, $L$8:$L$72)+SUMIF($C$8:$C$72, $AK68, $M$8:$M$72)+SUMIF($C$8:$C$72, $AK68, $N$8:$N$72)+SUMIF($C$8:$C$72, $AK68, $O$8:$O$72) -> 292825 | AR68: =AQ68*0.9 -> 263542.5 | AS68: =SUM(AN68+AQ68) -> 292825 | AT68: =AO68+AR68 -> 263542.5 | AZ68: =SUM(AN58+AN73) -> 0 | BC68: =AQ58+AQ73 -> 3962152
C69: 현금지출 | D69: 메이드7h | E69: 7만원 | AK69: 호텔나우 | AM69: =COUNTIF($R$8:$R$73, $AK69) -> 0 | AN69: =SUMIF($R$8:$R$73, $AK69, $Z$8:$Z$73)+SUMIF($R$8:$R$73, $AK69, $AB$8:$AB$73)+SUMIF($R$8:$R$73, $AK69, $AA$8:$AA$73)+SUMIF($R$8:$R$73, $AK69, $AE$8:$AE$73) -> 0 | AO69: =AN69*0.9 -> 0 | AP69: =COUNTIF($C$8:$C$73, $AK69) -> 3 | AQ69: =SUMIF($C$8:$C$72, $AK69, $L$8:$L$72)+SUMIF($C$8:$C$72, $AK69, $M$8:$M$72)+SUMIF($C$8:$C$72, $AK69, $N$8:$N$72)+SUMIF($C$8:$C$72, $AK69, $O$8:$O$72) -> 209000 | AR69: =AQ69*0.9 -> 188100 | AS69: =SUM(AN69+AQ69) -> 209000 | AT69: =AO69+AR69 -> 188100
AK70: 호텔타임 | AM70: =COUNTIF($R$8:$R$73, $AK70) -> 0 | AN70: =SUMIF($R$8:$R$73, $AK70, $Z$8:$Z$73)+SUMIF($R$8:$R$73, $AK70, $AB$8:$AB$73)+SUMIF($R$8:$R$73, $AK70, $AA$8:$AA$73)+SUMIF($R$8:$R$73, $AK70, $AE$8:$AE$73) -> 0 | AO70: =AN70*0.9 -> 0 | AP70: =COUNTIF($C$8:$C$73, $AK70) -> 0 | AQ70: =SUMIF($C$8:$C$72, $AK70, $L$8:$L$72)+SUMIF($C$8:$C$72, $AK70, $M$8:$M$72)+SUMIF($C$8:$C$72, $AK70, $N$8:$N$72)+SUMIF($C$8:$C$72, $AK70, $O$8:$O$72) -> 0 | AR70: =AQ70*0.9 -> 0 | AS70: =SUM(AN70+AQ70) -> 0 | AT70: =AO70+AR70 -> 0
AU71: 식음료/어메니티 총매출 | AZ71: =SUM(BC55) -> 22000
AM72: =COUNTIF($R$8:$R$73, $AK72) -> 0 | AN72: =SUMIF($R$8:$R$73, $AK72, $Z$8:$Z$73)+SUMIF($R$8:$R$73, $AK72, $AB$8:$AB$73)+SUMIF($R$8:$R$73, $AK72, $AA$8:$AA$73)+SUMIF($R$8:$R$73, $AK72, $AE$8:$AE$73) -> 0 | AP72: =COUNTIF($C$8:$C$73, $AK72) -> 0 | AQ72: =SUMIF($C$8:$C$72, $AK72, $L$8:$L$72)+SUMIF($C$8:$C$72, $AK72, $M$8:$M$72)+SUMIF($C$8:$C$72, $AK72, $N$8:$N$72)+SUMIF($C$8:$C$72, $AK72, $O$8:$O$72) -> 0 | AS72: =SUM(AN72+AQ72) -> 0 | AT72: =AO72+AR72 -> 0 | AU72: 총매출 | AZ72: =BD16 -> 4264152
AI73: 소계 | AM73: =SUM(AM60:AM72) -> 0 | AN73: =SUM(AN60:AN72) -> 0 | AO73: =SUM(AO60:AO72) -> 0 | AP73: =SUM(AP60:AP72) -> 37 | AQ73: =SUM(AQ60:AQ72) -> 3962152 | AR73: =SUM(AR60:AR72) -> 3565936.8 | AS73: =SUM(AS60:AS72) -> 3962152 | AT73: =SUM(AT60:AT72) -> 3565936.8 | AU73: 순매출 | AZ73: =AS58+AT73 -> 3565936.8

Sheet 7
A1: 객실판매일보 | P1: 근무자 | S1: 이정경 주간/김선우 야간/황경현 팀장 | Z1: 날짜 | AA1: 45907 | AI1: 일일영업현황보고서
A2: 일매출 | C2: =AZ72 -> 1374200 | G2: 대실 | H2: =COUNTA($Z$8:$AE$67) -> 0 | M2: 숙박 | N2: =COUNTA($L$8:$O$67) -> 16 | Z2: 현금 시재 | AA2: 시작 | AB2: 307500 | AI2: 보고기준일 | AL2: ='7'!AA1 -> 45907 | AP2: 보고일자 | AS2: =AA1+1 -> 45908 | AZ2: 작성자 | BA2: =S1 -> 이정경 주간/김선우 야간/황경현 팀장
H3: =SUM(Z8:AE76)+AZ21 -> 0 | N3: =SUM(L8:O76)+AZ20 -> 1374200 | AA3: 마감 | AB3: 309500
A4: 숙 박 | N4: =SUM(COUNTIF(B8:B67,{301,302,303,305,306,307,308,309,501,502,503,505,701,702,703,705,706,707,708,709})) -> 5 | O4: =SUM(COUNTIF(B8:B67,{201,202,203,205,206,207,208,209,506,507,508,509,601,602,603,605,606,607,608,609})) -> 2 | P4: 대 실 | AF4: =SUM(COUNTIF(S8:S67,{301,302,303,305,306,307,308,309,501,502,503,505,701,702,703,705,706,707,708,709})) -> 0 | AG4: =SUM(COUNTIF(S8:S67,{201,202,203,205,206,207,208,209,506,507,508,509,601,602,603,605,606,607,608,609})) -> 0
A5: 타입 | C5: C | D5: B | E5: AT | F5: AD | G5: SD | H5: ST | I5: V | J5: 특 | N5: 남은 객실 | P5: 매출보고 | R5: 현금 | S5: 계좌 | T5: 카드 | U5: 야놀자 | W5: 여기어때 | Y5: 네이버 | AA5: 부킹 | AB5: 아고다 | AC5: 익스피디아 | AD5: 트립 | AE5: 에어 | AF5: 호텔나우 | AG5: 호텔타임
A6: 잔여수량 | C6: =AL31 -> 0 | D6: =AN31 -> 3 | E6: =AP31 -> 9 | F6: =AR31 -> 1 | G6: =AS31 -> 4 | H6: =AU31 -> 5 | I6: =AW31 -> 2 | J6: =AX31 -> 0 | N6: =C6+D6+E6+F6+G6+H6+I6+J6+K6 -> 24 | P6: =C2 -> 1374200 | R6: =AN14+AN15 -> 2000 | S6: =AZ14+AZ15 -> 0 | T6: =AR14+AR15 -> 182000 | U6: =AS60 -> 185000 | W6: =AS61 -> 740000 | Y6: =AS62 -> 0 | AA6: =AS63 -> 0 | AB6: =AS66 -> 265200 | AC6: =AS67 -> 0 | AD6: =SUMIFS(O7:O47,C7:C47,"트립") -> 0 | AE6: =AS65 -> 0 | AF6: =AS69 -> 0 | AG6: =AS70 -> 0
A7: 번호 | B7: 호실 | C7: 채널명 | D7: 고객명 | E7: 비고 | F7: 타입 | G7: 기간 | H7: 체크인 | I7: 체크아웃 | J7: 작성자 | K7: 비품 | L7: 현금 | M7: 카드 | N7: 계좌이체 | O7: 온라인 | P7: 번호 | Q7: 호실 | R7: 채널명 | S7: 고객명 | T7: 비고 | U7: 타입 | V7: 체크인 | W7: 체크아웃 | X7: 작성자 | Y7: 비품 | Z7: 현금 | AA7: 카드 | AB7: 계좌이체 | AE7: 온라인
A8: 1 | B8: 308 | C8: 여기어때 | D8: 이성빈 | E8: 특가(랜덤) | F8: C | G8: 1/4 | H8: 15:00 | I8: 11:00 | J8: 이 | O8: 240000 | P8: 1 | AI8: 총 매 출 | AK8: 구분 | AL8: 현금 | AP8: 카드 | AT8: 온라인 | AX8: 계좌이체 | BB8: 소계
A9: 2 | B9: 805 | C9: 여기어때 | D9: 배민환 | E9: C업그레이드 | F9: SD | G9: 1 | H9: 15:00 | I9: 11:00 | J9: 이 | O9: 65000 | P9: 2 | AL9: 건수 | AN9: 금액 | AP9: 건수 | AR9: 금액 | AT9: 건수 | AV9: 금액 | AX9: 건수 | AZ9: 금액 | BB9: 건수 | BD9: 금액
A10: 3 | B10: 401 | C10: 야놀자 | D10: 권병지 | E10: C업그레이드 | F10: V | G10: 1 | H10: 15:00 | I10: 11:00 | J10: 김 | O10: 65000 | P10: 3 | AK10: 숙박 | AL10: =COUNTA($L$8:$L$67) -> 0 | AN10: =SUM(L8:L67) -> 0 | AP10: =COUNT(M8:M67) -> 1 | AR10: =SUM(M8:M67) -> 80000 | AT10: =COUNTA($O$8:$O$67) -> 15 | AV10: =SUM(O8:O67) -> 1190200 | AX10: =COUNTA($N$8:$N$67) -> 0 | AZ10: =SUM(N8:N67) -> 0 | BB10: =SUM(AL10+AP10+AT10+AX10) -> 16 | BD10: =SUM(AN10+AR10+AV10+AZ10) -> 1270200
A11: 4 | B11: 609 | C11: 여기어때 | D11: 김민정 | E11: C업그레이드 | F11: SD | G11: 1/2 | H11: 15:00 | I11: 11:00 | J11: 김 | O11: 130000 | P11: 4 | AK11: 대실 | AL11: =COUNTA($Z$8:$Z$67) -> 0 | AN11: =SUM(Z8:Z67) -> 0 | AP11: =COUNTA($AA$8:$AA$67) -> 0 | AR11: =SUM(AA8:AA67) -> 0 | AT11: =COUNTA($AE$8:$AE$67) -> 0 | AV11: =SUM(AE8:AE67) -> 0 | AX11: =COUNTA($AB$8:$AB$68) -> 0 | AZ11: =SUM(AB8:AB67) -> 0 | BB11: =SUM(AL11+AP11+AT11+AX11) -> 0 | BD11: =SUM(AN11+AR11+AV11+AZ11) -> 0
A12: 5 | B12: 1214 | C12: 야놀자 | D12: 김성진 | E12: 특가(랜덤) | F12: AT | G12: 1 | H12: 15:00 | I12: 11:00 | J12: 이 | O12: 60000 | P12: 5 | AK12: 추가숙박 | AL12: =COUNTA($L$68:$L$76) -> 0 | AN12: =SUM(L68:L76) -> 0 | AP12: =COUNTA($M$68:$M$76) -> 4 | AR12: =SUM(M68:M76) -> 100000 | AT12: =COUNTA($O$68:$O$76) -> 0 | AV12: =SUM(O68:O76) -> 0 | AX12: =COUNTA($N$68:$N$76) -> 0 | AZ12: =SUM(N68:N76) -> 0 | BB12: =SUM(AL12+AP12+AT12+AX12) -> 4 | BD12: =SUM(AN12+AR12+AV12+AZ12) -> 100000
A13: 6 | B13: 307 | C13: 아고다 | D13: 이옥희 | F13: C | G13: 1/2 | H13: 15:00 | I13: 11:00 | J13: 이 | O13: 132600 | P13: 6 | AK13: 추가대실 | AL13: =COUNTA($Z$68:$Z$76) -> 0 | AN13: =SUM(Z68:Z76) -> 0 | AP13: =COUNTA($AA$68:$AA$76) -> 0 | AR13: =SUM(AA68:AA76) -> 0 | AT13: =COUNTA($AE$68:$AE$76) -> 0 | AV13: =SUM(AE68:AE76) -> 0 | AX13: =COUNTA($AB$68:$AB$76) -> 0 | AZ13: =SUM(AB68:AB76) -> 0 | BB13: =SUM(AL13+AP13+AT13+AX13) -> 0 | BD13: =SUM(AN13+AR13+AV13+AZ13) -> 0
A14: 7 | B14: 506 | C14: 야놀자 | D14: 김민찬 | E14: 특가(랜덤) | F14: SD | G14: 1 | H14: 15:00 | I14: 11:00 | J14: 김 | K14: 2 | O14: 60000 | P14: 7 | AK14: 소계 | AL14: =SUM(AL10:AM11) -> 0 | AN14: =SUM(AN10:AO13) -> 0 | AP14: =SUM(AP10:AQ11) -> 1 | AR14: =SUM(AR10:AS13) -> 180000 | AT14: =SUM(AT10:AU11) -> 15 | AV14: =SUM(AV10:AW13) -> 1190200 | AX14: =SUM(AX10:AY11) -> 0 | AZ14: =SUM(AZ10:BA13) -> 0 | BB14: =SUM(AL14+AP14+AT14+AX14) -> 16 | BD14: =SUM(BD10:BE13) -> 1370200
A15: 8 | B15: 303 | C15: 여기어때 | D15: 이채현 | E15: 특가(랜덤) | F15: C | G15: 1 | H15: 15:00 | I15: 11:00 | J15: 김 | O15: 60000 | P15: 8 | AK15: 어메니티 | AL15: =AL24 -> 1 | AN15: =AN24 -> 2000 | AP15: =AP24 -> 1 | AR15: =AR24 -> 2000 | AX15: =AT24 -> 0 | AZ15: =AV24 -> 0 | BB15: =AX24 -> 2 | BD15: =SUM(AN15+AR15+AV15+AZ15) -> 4000
A16: 9 | B16: 811 | C16: 여기어때 | D16: 이재희 | E16: 특가(랜덤) | F16: B | G16: 1 | H16: 15:00 | I16: 11:00 | J16: 김 | O16: 60000 | P16: 9 | BB16: 총합계 | BD16: =BD14+BD15 -> 1374200
A17: 10 | B17: 1210 | C17: 숙박연장 | D17: 정우진 | F17: V | G17: 1 | H17: 15:00 | I17: 11:00 | J17: 황 | M17: 80000 | P17: 10
A18: 11 | B18: 809 | C18: 여기어때 | D18: 양재만 | E18: C업그레이드 | F18: SD | G18: 1 | H18: 15:00 | I18: 11:00 | J18: 이 | O18: 65000 | P18: 11 | AI18: 어메니티 판매현황 | AK18: 구분 | AL18: 현금 (1) | AP18: 카드 (2) | AT18: 계좌이체 (3) | AX18: 소계
A19: 12 | B19: 309 | C19: 여기어때 | D19: 조은서 | E19: 특가(랜덤) | F19: C | G19: 1 | H19: 15:00 | I19: 11:00 | J19: 이 | O19: 60000 | P19: 12 | AL19: 건수 | AN19: 금액 | AP19: 건수 | AR19: 금액 | AT19: 건수 | AV19: 금액 | AX19: 건수 | AZ19: 금액
A20: 13 | B20: 409 | C20: 아고다 | D20: 권한주 | E20: C업그레이드 | F20: SD | G20: 1/2 | H20: 15:00 | I20: 11:00 | J20: 이 | K20: 1 | O20: 132600 | P20: 13 | AK20: 숙박 | AL20: =COUNTIF(K7:K67,1) -> 1 | AN20: =AL20*2000 -> 2000 | AP20: =COUNTIF(K7:K67,2) -> 1 | AR20: =AP20*2000 -> 2000 | AT20: =COUNTIF(K8:K67,3) -> 0 | AV20: =AT20*2000 -> 0 | AX20: =SUM(AL20+AP20+AT20) -> 2 | AZ20: =SUM(AJ20+AN20+AR20+AV20) -> 4000
A21: 14 | B21: 1206 | C21: 여기어때 | D21: 써니문 | E21: 특가(랜덤) | F21: AD | G21: 1 | H21: 15:00 | I21: 11:00 | J21: 이 | O21: 60000 | P21: 14 | AK21: 대실 | AL21: =COUNTIF(Y7:Y67,1) -> 0 | AN21: =AL21*2000 -> 0 | AP21: =COUNTIF(Y7:Y67,2) -> 0 | AR21: =AP21*2000 -> 0 | AT21: =COUNTIF(Y8:Y67,3) -> 0 | AV21: =AT21*2000 -> 0 | AX21: =SUM(AL21+AP21+AT21) -> 0 | AZ21: =SUM(AJ21+AN21+AR21+AV21) -> 0
A22: 15 | P22: 15 | AK22: 추가 | AX22: =SUM(AL22+AP22+AT22) -> 0 | AZ22: =SUM(AJ22+AN22+AR22+AV22) -> 0
A23: 16 | P23: 16 | AX23: =SUM(AH23+AL23+AP23+AT23) -> 0 | AZ23: =SUM(AJ23+AN23+AR23+AV23) -> 0
A24: 17 | P24: 17 | AK24: 소계 | AL24: =SUM(AL20:AM23) -> 1 | AN24: =SUM(AN20:AO23) -> 2000 | AP24: =SUM(AP20:AQ23) -> 1 | AR24: =SUM(AR20:AS23) -> 2000 | AT24: =SUM(AT20:AU23) -> 0 | AV24: =SUM(AV20:AW23) -> 0 | AX24: =SUM(AH24+AL24+AP24+AT24) -> 2 | AZ24: =SUM(AZ20:BA23) -> 4000
A25: 18 | P25: 18
A26: 19 | P26: 19
A27: 20 | P27: 20 | AJ27: 객실 타입 별 예약 현황
A28: 21 | P28: 21 | AJ28: 타입 | AL28: C | AN28: B | AP28: AT | AR28: AD | AS28: SD | AU28: ST | AW28: V | AX28: 특
A29: 22 | P29: 22 | AJ29: 기준수량 | AL29: 5 | AN29: 4 | AP29: 10 | AR29: 2 | AS29: 9 | AU29: 5 | AW29: 5 | AX29: 0 | AZ29: 0
A30: 23 | P30: 23 | AJ30: 예약수량 | AL30: =COUNTIF(F8:F67,"c") -> 5 | AN30: =COUNTIF(F8:F67,"b") -> 1 | AP30: =COUNTIF(F8:F67,"at") -> 1 | AR30: =COUNTIF(F8:F67,"aD") -> 1 | AS30: =COUNTIF(F8:F67,"sd") -> 5 | AU30: =COUNTIF(F8:F67,"st") -> 0 | AW30: =COUNTIF(F8:F67,"v") -> 3 | AX30: =COUNTIF(F8:F67,"PA") -> 0 | AZ30: =COUNTIF(F8:F67,"특") -> 0
A31: 24 | P31: 24 | AJ31: 잔여수량 | AL31: =AL29-AL30 -> 0 | AN31: =AN29-AN30 -> 3 | AP31: =AP29-AP30 -> 9 | AR31: =AR29-AR30 -> 1 | AS31: =AS29-AS30 -> 4 | AU31: =AU29-AU30 -> 5 | AW31: =AW29-AW30 -> 2 | AX31: =AX29-AX30 -> 0 | AZ31: =AZ29-AZ30 -> 0
A32: 25 | P32: 25 | AK32: `
A33: 26 | P33: 26
A34: 27 | P34: 27
A35: 28 | P35: 28
A36: 29 | P36: 29
A37: 30 | P37: 30
A38: 31 | P38: 31
A39: 32 | P39: 32
A40: 33 | P40: 33
A41: 34 | P41: 34
A42: 35 | P42: 35
A43: 36 | P43: 36
A44: 37 | P44: 37
A45: 38 | P45: 38
A46: 39 | B46: 1110 | C46: 현장결제 | D46: 고태원 | E46: 010-3833-8064 | F46: V | G46: 2/3 | H46: 15:00 | I46: 11:00 | J46: 이 | O46: 0 | P46: 39
A47: 40 | B47: 305 | C47: 에어 | D47: Antoine/ | E47: Arfaoui | F47: C | G47: 2/5 | H47: 15:00 | I47: 11:00 | J47: 이 | O47: 0 | P47: 40
A48: 41 | P48: 41
A49: 42 | P49: 42
A50: 43 | P50: 43 | AI50: 2. 영업분석표
A51: 44 | P51: 44 | AI51: 구분 | AK51: 상세 | AM51: 대실 | AP51: 숙박 | AS51: 총 합계 | AU51: 구분 | AW51: 식 / 음료 | BC51: 총 합계
A52: 45 | P52: 45 | AK52: 건 | AM52: 건 | AN52: 금액 | AP52: 건 | AQ52: 금액 | AW52: 품목 | BA52: 건
A53: 46 | P53: 46 | AI53: 오프라인 | AK53: 워크인 | AM53: =COUNTIF($R$8:$R$67, "워크인") -> 0 | AN53: =SUMIF($R$8:$R$73, "워크인", $AE$8:$AE$73)+SUMIF($R$8:$R$73, "워크인", $AB$8:$AB$73)+SUMIF($R$8:$R$73, "워크인", $AA$8:$AA$73)+SUMIF($R$8:$R$73, "워크인", $Z$8:$Z$73) -> 0 | AP53: =COUNTIF($C$8:$C$67, "워크인") -> 0 | AQ53: =SUMIF($C$8:$C$72, "워크인", $L$8:$L$72)+SUMIF($C$8:$C$72, "워크인", $M$8:$M$72)+SUMIF($C$8:$C$72, "워크인", $N$8:$N$72)+SUMIF($C$8:$C$72, "워크인", $O$8:$O$72) -> 0 | AS53: =SUM(AN53+AQ53) -> 0 | AU53: 식음료 | AW53: 맥주
A54: 47 | P54: 47 | AK54: 무료 | AM54: =COUNTIF($R$8:$R$73, "무료") -> 0 | AN54: =SUMIF($R$8:$R$73, "무료", $AE$8:$AE$73)+SUMIF($R$8:$R$73, "무료", $AB$8:$AB$73)+SUMIF($R$8:$R$73, "무료", $AA$8:$AA$73)+SUMIF($R$8:$R$73, "무료", $Z$8:$Z$73) -> 0 | AP54: =COUNTIF($C$8:$C$76, "무료") -> 0 | AQ54: =SUMIF($C$8:$C$72, "무료", $L$8:$L$72)+SUMIF($C$8:$C$72, "무료", $M$8:$M$72)+SUMIF($C$8:$C$72, "무료", $N$8:$N$72)+SUMIF($C$8:$C$72, "무료", $O$8:$O$72) -> 0 | AS54: =SUM(AN54+AQ54) -> 0 | AW54: 어메니티 | BA54: =AX24 -> 2 | BC54: =AZ24 -> 4000
A55: 48 | P55: 48 | AK55: 계좌 | AM55: =COUNTIF($R$8:$R$73, "계좌") -> 0 | AN55: =SUMIF($R$8:$R$73, "계좌", $AE$8:$AE$73)+SUMIF($R$8:$R$73, "계좌", $AB$8:$AB$73)+SUMIF($R$8:$R$73, "계좌", $AA$8:$AA$73)+SUMIF($R$8:$R$73, "계좌", $Z$8:$Z$73) -> 0 | AP55: =COUNTIF($C$8:$C$76, "계좌") -> 0 | AQ55: =SUMIF($C$8:$C$72, "계좌", $L$8:$L$72)+SUMIF($C$8:$C$72, "계좌", $M$8:$M$72)+SUMIF($C$8:$C$72, "계좌", $N$8:$N$72)+SUMIF($C$8:$C$72, "계좌", $O$8:$O$72) -> 0 | AS55: =SUM(AN55+AQ55) -> 0 | AW55: 합계 | BA55: =SUM(BA53:BB54) -> 2 | BC55: =SUM(BC53:BE54) -> 4000
A56: 49 | P56: 49 | AI56: 그외 | AM56: =COUNTIF($R$8:$R$73, "부킹닷컴") -> 0 | AN56: =SUMIF($R$8:$R$73, "부킹닷컴", $AE$8:$AE$73)+SUMIF($R$8:$R$73, "부킹닷컴", $AB$8:$AB$73)+SUMIF($R$8:$R$73, "부킹닷컴", $AA$8:$AA$73)+SUMIF($R$8:$R$73, "부킹닷컴", $Z$8:$Z$73) -> 0 | AP56: =COUNTIF($C$8:$C$76, "부킹닷컴") -> 0 | AQ56: =SUMIF($C$8:$C$72, "부킹닷컴", $L$8:$L$72)+SUMIF($C$8:$C$72, "부킹닷컴", $M$8:$M$72)+SUMIF($C$8:$C$72, "부킹닷컴", $N$8:$N$72)+SUMIF($C$8:$C$72, "부킹닷컴", $O$8:$O$72) -> 0 | AS56: =SUM(AN56+AQ56) -> 0
A57: 50 | P57: 50 | AK57: 추가 | AN57: =SUMIF($R$68:$R$72, "추가", $AA$68:$AA$72)+SUMIF($R$68:$R$72, "추가", $Z$68:$Z$72) -> 0 | AQ57: =SUMIF($C$68:$C$72, "추가", $L$68:$L$72)+SUMIF($C$68:$C$72, "추가", $M$68:$M$72)+SUMIF($C$68:$C$72, "추가", $N$68:$N$72)+SUMIF($C$68:$C$72, "추가", $O$68:$O$72) -> 0 | AS57: =SUM(AN57+AQ57) -> 0
A58: 51 | P58: 51 | AI58: 소계 | AM58: =SUM(AM53:AM56) -> 0 | AN58: =SUM(AN53:AO57) -> 0 | AP58: =SUM(AP53:AP57) -> 0 | AQ58: =SUM(AQ53:AR57) -> 0 | AS58: =SUM(AS53:AT57) -> 0
A59: 52 | P59: 52 | AI59: 온라인 | AK59: 채널명 | AM59: 건수 | AN59: 판매가 | AO59: 입금가 | AP59: 건수 | AQ59: 판매가 | AR59: 입금가 | AS59: 판매합계 | AT59: 입금합계 | AU59: 고객연령 | AW59: 20 | BB59: =COUNTIF($K$8:$K$67, "20")+COUNTIF($Y$8:$Y$67, "20") -> 0
A60: 53 | P60: 53 | AK60: 야놀자 | AM60: =COUNTIF($R$8:$R$73, $AK60) -> 0 | AN60: =SUMIF($R$8:$R$73, $AK60, $Z$8:$Z$73)+SUMIF($R$8:$R$73, $AK60, $AB$8:$AB$73)+SUMIF($R$8:$R$73, $AK60, $AA$8:$AA$73)+SUMIF($R$8:$R$73, $AK60, $AE$8:$AE$73) -> 0 | AO60: =AN60*0.9 -> 0 | AP60: =COUNTIF($C$8:$C$73, $AK60) -> 3 | AQ60: =SUMIF($C$8:$C$72, $AK60, $L$8:$L$72)+SUMIF($C$8:$C$72, $AK60, $M$8:$M$72)+SUMIF($C$8:$C$72, $AK60, $N$8:$N$72)+SUMIF($C$8:$C$72, $AK60, $O$8:$O$72) -> 185000 | AR60: =AQ60*0.9 -> 166500 | AS60: =SUM(AN60+AQ60) -> 185000 | AT60: =AO60+AR60 -> 166500 | AW60: 30 | BB60: =COUNTIF($K$8:$K$67, "30")+COUNTIF($Y$8:$Y$67, "30") -> 0
A61: 54 | P61: 54 | AK61: 여기어때 | AM61: =COUNTIF($R$8:$R$73, $AK61) -> 0 | AN61: =SUMIF($R$8:$R$73, $AK61, $Z$8:$Z$73)+SUMIF($R$8:$R$73, $AK61, $AB$8:$AB$73)+SUMIF($R$8:$R$73, $AK61, $AA$8:$AA$73)+SUMIF($R$8:$R$73, $AK61, $AE$8:$AE$73) -> 0 | AO61: =AN61*0.9 -> 0 | AP61: =COUNTIF($C$8:$C$73, $AK61) -> 8 | AQ61: =SUMIF($C$8:$C$72, $AK61, $L$8:$L$72)+SUMIF($C$8:$C$72, $AK61, $M$8:$M$72)+SUMIF($C$8:$C$72, $AK61, $N$8:$N$72)+SUMIF($C$8:$C$72, $AK61, $O$8:$O$72) -> 740000 | AR61: =AQ61*0.9 -> 666000 | AS61: =SUM(AN61+AQ61) -> 740000 | AT61: =AO61+AR61 -> 666000 | AW61: 40 | BB61: =COUNTIF($K$8:$K$67, "40")+COUNTIF($Y$8:$Y$67, "40") -> 0
A62: 55 | P62: 55 | AK62: 네이버 | AM62: =COUNTIF($R$8:$R$73, $AK62) -> 0 | AN62: =SUMIF($R$8:$R$73, $AK62, $Z$8:$Z$73)+SUMIF($R$8:$R$73, $AK62, $AB$8:$AB$73)+SUMIF($R$8:$R$73, $AK62, $AA$8:$AA$73)+SUMIF($R$8:$R$73, $AK62, $AE$8:$AE$73) -> 0 | AO62: =AN62*0.9 -> 0 | AP62: =COUNTIF($C$8:$C$73, $AK62) -> 0 | AQ62: =SUMIF($C$8:$C$72, $AK62, $L$8:$L$72)+SUMIF($C$8:$C$72, $AK62, $M$8:$M$72)+SUMIF($C$8:$C$72, $AK62, $N$8:$N$72)+SUMIF($C$8:$C$72, $AK62, $O$8:$O$72) -> 0 | AR62: =AQ62*0.9 -> 0 | AS62: =SUM(AN62+AQ62) -> 0 | AT62: =AO62+AR62 -> 0 | AW62: 50 | BB62: =COUNTIF($K$8:$K$67, "50")+COUNTIF($Y$8:$Y$67, "50") -> 0
A63: 56 | P63: 56 | AK63: 부킹 | AM63: =COUNTIF($R$8:$R$73, $AK63) -> 0 | AN63: =SUMIF($R$8:$R$73, $AK63, $Z$8:$Z$73)+SUMIF($R$8:$R$73, $AK63, $AB$8:$AB$73)+SUMIF($R$8:$R$73, $AK63, $AA$8:$AA$73)+SUMIF($R$8:$R$73, $AK63, $AE$8:$AE$73) -> 0 | AO63: =AN63*0.9 -> 0 | AP63: =COUNTIF($C$8:$C$73, $AK63) -> 0 | AQ63: =SUMIF($C$8:$C$72, $AK63, $L$8:$L$72)+SUMIF($C$8:$C$72, $AK63, $M$8:$M$72)+SUMIF($C$8:$C$72, $AK63, $N$8:$N$72)+SUMIF($C$8:$C$72, $AK63, $O$8:$O$72) -> 0 | AR63: =AQ63*0.9 -> 0 | AS63: =SUM(AN63+AQ63) -> 0 | AT63: =AO63+AR63 -> 0 | AW63: 60 | BB63: =COUNTIF($K$8:$K$67, "60")+COUNTIF($Y$8:$Y$67, "60") -> 0
A64: 57 | P64: 57 | AK64: 꿀스 | AM64: =COUNTIF($R$8:$R$73, $AK64) -> 0 | AN64: =SUMIF($R$8:$R$73, $AK64, $Z$8:$Z$73)+SUMIF($R$8:$R$73, $AK64, $AB$8:$AB$73)+SUMIF($R$8:$R$73, $AK64, $AA$8:$AA$73)+SUMIF($R$8:$R$73, $AK64, $AE$8:$AE$73) -> 0 | AO64: =AN64*0.9 -> 0 | AP64: =COUNTIF($C$8:$C$73, $AK64) -> 0 | AQ64: =SUMIF($C$8:$C$72, $AK64, $L$8:$L$72)+SUMIF($C$8:$C$72, $AK64, $M$8:$M$72)+SUMIF($C$8:$C$72, $AK64, $N$8:$N$72)+SUMIF($C$8:$C$72, $AK64, $O$8:$O$72) -> 0 | AR64: =AQ64*0.9 -> 0 | AS64: =SUM(AN64+AQ64) -> 0 | AT64: =AO64+AR64 -> 0 | AU64: 방문유형 | AW64: W | BB64: =COUNTIF($J$8:$J$67, "w")+COUNTIF($X$8:$X$67, "w") -> 0
A65: 58 | P65: 58 | AK65: 에어 | AM65: =COUNTIF($R$8:$R$73, $AK65) -> 0 | AN65: =SUMIF($R$8:$R$73, $AK65, $Z$8:$Z$73)+SUMIF($R$8:$R$73, $AK65, $AB$8:$AB$73)+SUMIF($R$8:$R$73, $AK65, $AA$8:$AA$73)+SUMIF($R$8:$R$73, $AK65, $AE$8:$AE$73) -> 0 | AO65: =AN65*0.9 -> 0 | AP65: =COUNTIF($C$8:$C$73, $AK65) -> 1 | AQ65: =SUMIF($C$8:$C$72, $AK65, $L$8:$L$72)+SUMIF($C$8:$C$72, $AK65, $M$8:$M$72)+SUMIF($C$8:$C$72, $AK65, $N$8:$N$72)+SUMIF($C$8:$C$72, $AK65, $O$8:$O$72) -> 0 | AR65: =AQ65*0.9 -> 0 | AS65: =SUM(AN65+AQ65) -> 0 | AT65: =AO65+AR65 -> 0 | AW65: C | BB65: =COUNTIF($J$8:$J$67, "c")+COUNTIF($X$8:$X$67, "c") -> 0
A66: 59 | P66: 59 | AK66: 아고다 | AM66: =COUNTIF($R$8:$R$73, $AK66) -> 0 | AN66: =SUMIF($R$8:$R$73, $AK66, $Z$8:$Z$73)+SUMIF($R$8:$R$73, $AK66, $AB$8:$AB$73)+SUMIF($R$8:$R$73, $AK66, $AA$8:$AA$73)+SUMIF($R$8:$R$73, $AK66, $AE$8:$AE$73) -> 0 | AO66: =AN66*0.9 -> 0 | AP66: =COUNTIF($C$8:$C$73, $AK66) -> 2 | AQ66: =SUMIF($C$8:$C$72, $AK66, $L$8:$L$72)+SUMIF($C$8:$C$72, $AK66, $M$8:$M$72)+SUMIF($C$8:$C$72, $AK66, $N$8:$N$72)+SUMIF($C$8:$C$72, $AK66, $O$8:$O$72) -> 265200 | AR66: =AQ66*0.9 -> 238680 | AS66: =SUM(AN66+AQ66) -> 265200 | AT66: =AO66+AR66 -> 238680
A67: 60 | P67: 60 | AK67: 익스피디아 | AM67: =COUNTIF($R$8:$R$73, $AK67) -> 0 | AN67: =SUMIF($R$8:$R$73, $AK67, $Z$8:$Z$73)+SUMIF($R$8:$R$73, $AK67, $AB$8:$AB$73)+SUMIF($R$8:$R$73, $AK67, $AA$8:$AA$73)+SUMIF($R$8:$R$73, $AK67, $AE$8:$AE$73) -> 0 | AO67: =AN67*0.9 -> 0 | AP67: =COUNTIF($C$8:$C$73, $AK67) -> 0 | AQ67: =SUMIF($C$8:$C$72, $AK67, $L$8:$L$72)+SUMIF($C$8:$C$72, $AK67, $M$8:$M$72)+SUMIF($C$8:$C$72, $AK67, $N$8:$N$72)+SUMIF($C$8:$C$72, $AK67, $O$8:$O$72) -> 0 | AR67: =AQ67*0.9 -> 0 | AS67: =SUM(AN67+AQ67) -> 0 | AT67: =AO67+AR67 -> 0 | AZ67: 대실 | BC67: 숙박
A68: 추가요금 | C68: 9/7 701호 | D68: 전호정 | E68: 1h연장 | I68: 12:00 | M68: 20000 | P68: 추가요금 | AK68: 트립 | AM68: =COUNTIF($R$8:$R$73, $AK68) -> 0 | AN68: =SUMIF($R$8:$R$73, $AK68, $Z$8:$Z$73)+SUMIF($R$8:$R$73, $AK68, $AB$8:$AB$73)+SUMIF($R$8:$R$73, $AK68, $AA$8:$AA$73)+SUMIF($R$8:$R$73, $AK68, $AE$8:$AE$73) -> 0 | AO68: =AN68*0.9 -> 0 | AP68: =COUNTIF($C$8:$C$73, $AK68) -> 0 | AQ68: =SUMIF($C$8:$C$72, $AK68, $L$8:$L$72)+SUMIF($C$8:$C$72, $AK68, $M$8:$M$72)+SUMIF($C$8:$C$72, $AK68, $N$8:$N$72)+SUMIF($C$8:$C$72, $AK68, $O$8:$O$72) -> 0 | AR68: =AQ68*0.9 -> 0 | AS68: =SUM(AN68+AQ68) -> 0 | AT68: =AO68+AR68 -> 0 | AZ68: =SUM(AN58+AN73) -> 0 | BC68: =AQ58+AQ73 -> 1190200
C69: 9/7 702호 | D69: 강하나 | E69: 1h연장 | I69: 12:00 | M69: 20000 | AK69: 호텔나우 | AM69: =COUNTIF($R$8:$R$73, $AK69) -> 0 | AN69: =SUMIF($R$8:$R$73, $AK69, $Z$8:$Z$73)+SUMIF($R$8:$R$73, $AK69, $AB$8:$AB$73)+SUMIF($R$8:$R$73, $AK69, $AA$8:$AA$73)+SUMIF($R$8:$R$73, $AK69, $AE$8:$AE$73) -> 0 | AO69: =AN69*0.9 -> 0 | AP69: =COUNTIF($C$8:$C$73, $AK69) -> 0 | AQ69: =SUMIF($C$8:$C$72, $AK69, $L$8:$L$72)+SUMIF($C$8:$C$72, $AK69, $M$8:$M$72)+SUMIF($C$8:$C$72, $AK69, $N$8:$N$72)+SUMIF($C$8:$C$72, $AK69, $O$8:$O$72) -> 0 | AR69: =AQ69*0.9 -> 0 | AS69: =SUM(AN69+AQ69) -> 0 | AT69: =AO69+AR69 -> 0
C70: 9/7 911호 | D70: 이예주 | E70: 1h연장 | I70: 12:00 | M70: 20000 | AK70: 호텔타임 | AM70: =COUNTIF($R$8:$R$73, $AK70) -> 0 | AN70: =SUMIF($R$8:$R$73, $AK70, $Z$8:$Z$73)+SUMIF($R$8:$R$73, $AK70, $AB$8:$AB$73)+SUMIF($R$8:$R$73, $AK70, $AA$8:$AA$73)+SUMIF($R$8:$R$73, $AK70, $AE$8:$AE$73) -> 0 | AO70: =AN70*0.9 -> 0 | AP70: =COUNTIF($C$8:$C$73, $AK70) -> 0 | AQ70: =SUMIF($C$8:$C$72, $AK70, $L$8:$L$72)+SUMIF($C$8:$C$72, $AK70, $M$8:$M$72)+SUMIF($C$8:$C$72, $AK70, $N$8:$N$72)+SUMIF($C$8:$C$72, $AK70, $O$8:$O$72) -> 0 | AR70: =AQ70*0.9 -> 0 | AS70: =SUM(AN70+AQ70) -> 0 | AT70: =AO70+AR70 -> 0
C71: 9/7 409호 | D71: 장민익 | E71: 2h연장 | I71: 13:00 | M71: 40000 | AU71: 식음료/어메니티 총매출 | AZ71: =SUM(BC55) -> 4000
AM72: =COUNTIF($R$8:$R$73, $AK72) -> 0 | AN72: =SUMIF($R$8:$R$73, $AK72, $Z$8:$Z$73)+SUMIF($R$8:$R$73, $AK72, $AB$8:$AB$73)+SUMIF($R$8:$R$73, $AK72, $AA$8:$AA$73)+SUMIF($R$8:$R$73, $AK72, $AE$8:$AE$73) -> 0 | AP72: =COUNTIF($C$8:$C$73, $AK72) -> 0 | AQ72: =SUMIF($C$8:$C$72, $AK72, $L$8:$L$72)+SUMIF($C$8:$C$72, $AK72, $M$8:$M$72)+SUMIF($C$8:$C$72, $AK72, $N$8:$N$72)+SUMIF($C$8:$C$72, $AK72, $O$8:$O$72) -> 0 | AS72: =SUM(AN72+AQ72) -> 0 | AT72: =AO72+AR72 -> 0 | AU72: 총매출 | AZ72: =BD16 -> 1374200
AI73: 소계 | AM73: =SUM(AM60:AM72) -> 0 | AN73: =SUM(AN60:AN72) -> 0 | AO73: =SUM(AO60:AO72) -> 0 | AP73: =SUM(AP60:AP72) -> 14 | AQ73: =SUM(AQ60:AQ72) -> 1190200 | AR73: =SUM(AR60:AR72) -> 1071180 | AS73: =SUM(AS60:AS72) -> 1190200 | AT73: =SUM(AT60:AT72) -> 1071180 | AU73: 순매출 | AZ73: =AS58+AT73 -> 1071180

Sheet 8
A1: 객실판매일보 | P1: 근무자 | S1: 이정경 주간/김선우 야간/황경현 팀장 | Z1: 날짜 | AA1: 45908 | AI1: 일일영업현황보고서
A2: 일매출 | C2: =AZ72 -> 1008750 | G2: 대실 | H2: =COUNTA($Z$8:$AE$67) -> 0 | M2: 숙박 | N2: =COUNTA($L$8:$O$67) -> 19 | Z2: 현금 시재 | AA2: 시작 | AB2: 309500 | AI2: 보고기준일 | AL2: ='8'!AA1 -> 45908 | AP2: 보고일자 | AS2: =AA1+1 -> 45909 | AZ2: 작성자 | BA2: =S1 -> 이정경 주간/김선우 야간/황경현 팀장
H3: =SUM(Z8:AE76)+AZ21 -> 0 | N3: =SUM(L8:O76)+AZ20 -> 1008750 | AA3: 마감 | AB3: 309500
A4: 숙 박 | N4: =SUM(COUNTIF(B8:B67,{301,302,303,305,306,307,308,309,501,502,503,505,701,702,703,705,706,707,708,709})) -> 7 | O4: =SUM(COUNTIF(B8:B67,{201,202,203,205,206,207,208,209,506,507,508,509,601,602,603,605,606,607,608,609})) -> 1 | P4: 대 실 | AF4: =SUM(COUNTIF(S8:S67,{301,302,303,305,306,307,308,309,501,502,503,505,701,702,703,705,706,707,708,709})) -> 0 | AG4: =SUM(COUNTIF(S8:S67,{201,202,203,205,206,207,208,209,506,507,508,509,601,602,603,605,606,607,608,609})) -> 0
A5: 타입 | C5: C | D5: B | E5: AT | F5: AD | G5: SD | H5: ST | I5: V | J5: 특 | N5: 남은 객실 | P5: 매출보고 | R5: 현금 | S5: 계좌 | T5: 카드 | U5: 야놀자 | W5: 여기어때 | Y5: 네이버 | AA5: 부킹 | AB5: 아고다 | AC5: 익스피디아 | AD5: 트립 | AE5: 에어 | AF5: 호텔나우 | AG5: 호텔타임
A6: 잔여수량 | C6: =AL31 -> 0 | D6: =AN31 -> 1 | E6: =AP31 -> 8 | F6: =AR31 -> 1 | G6: =AS31 -> 4 | H6: =AU31 -> 5 | I6: =AW31 -> 2 | J6: =AX31 -> 0 | N6: =C6+D6+E6+F6+G6+H6+I6+J6+K6 -> 21 | P6: =C2 -> 1008750 | R6: =AN14+AN15 -> 0 | S6: =AZ14+AZ15 -> 0 | T6: =AR14+AR15 -> 0 | U6: =AS60 -> 445000 | W6: =AS61 -> 320000 | Y6: =AS62 -> 0 | AA6: =AS63 -> 0 | AB6: =AS66 -> 66300 | AC6: =AS67 -> 177450 | AD6: =SUMIFS(O7:O47,C7:C47,"트립") -> 0 | AE6: =AS65 -> 0 | AF6: =AS69 -> 0 | AG6: =AS70 -> 0
A7: 번호 | B7: 호실 | C7: 채널명 | D7: 고객명 | E7: 비고 | F7: 타입 | G7: 기간 | H7: 체크인 | I7: 체크아웃 | J7: 작성자 | K7: 비품 | L7: 현금 | M7: 카드 | N7: 계좌이체 | O7: 온라인 | P7: 번호 | Q7: 호실 | R7: 채널명 | S7: 고객명 | T7: 비고 | U7: 타입 | V7: 체크인 | W7: 체크아웃 | X7: 작성자 | Y7: 비품 | Z7: 현금 | AA7: 카드 | AB7: 계좌이체 | AE7: 온라인
A8: 1 | B8: 1111 | C8: 야놀자 | D8: 임승우 | E8: 특가(랜덤) | F8: B | G8: 1 | H8: 15:00 | I8: 11:00 | J8: 김 | O8: 60000 | P8: 1 | AI8: 총 매 출 | AK8: 구분 | AL8: 현금 | AP8: 카드 | AT8: 온라인 | AX8: 계좌이체 | BB8: 소계
A9: 2 | B9: 1112 | C9: 익스피디아 | D9: 김영화 | E9: B업그레이드 | F9: AT | G9: 1/3 | H9: 15:00 | I9: 11:00 | J9: 이 | O9: 177450 | P9: 2 | AL9: 건수 | AN9: 금액 | AP9: 건수 | AR9: 금액 | AT9: 건수 | AV9: 금액 | AX9: 건수 | AZ9: 금액 | BB9: 건수 | BD9: 금액
A10: 3 | B10: 303 | C10: 여기어때 | D10: 김도근 | F10: C | G10: 1 | H10: 15:00 | I10: 11:00 | J10: 김 | O10: 65000 | P10: 3 | AK10: 숙박 | AL10: =COUNTA($L$8:$L$67) -> 0 | AN10: =SUM(L8:L67) -> 0 | AP10: =COUNT(M8:M67) -> 0 | AR10: =SUM(M8:M67) -> 0 | AT10: =COUNTA($O$8:$O$67) -> 19 | AV10: =SUM(O8:O67) -> 1008750 | AX10: =COUNTA($N$8:$N$67) -> 0 | AZ10: =SUM(N8:N67) -> 0 | BB10: =SUM(AL10+AP10+AT10+AX10) -> 19 | BD10: =SUM(AN10+AR10+AV10+AZ10) -> 1008750
A11: 4 | B11: 1105 | C11: 여기어때 | D11: 김지혜 | F11: AD | G11: 1 | H11: 15:00 | I11: 11:00 | J11: 김 | O11: 70000 | P11: 4 | AK11: 대실 | AL11: =COUNTA($Z$8:$Z$67) -> 0 | AN11: =SUM(Z8:Z67) -> 0 | AP11: =COUNTA($AA$8:$AA$67) -> 0 | AR11: =SUM(AA8:AA67) -> 0 | AT11: =COUNTA($AE$8:$AE$67) -> 0 | AV11: =SUM(AE8:AE67) -> 0 | AX11: =COUNTA($AB$8:$AB$68) -> 0 | AZ11: =SUM(AB8:AB67) -> 0 | BB11: =SUM(AL11+AP11+AT11+AX11) -> 0 | BD11: =SUM(AN11+AR11+AV11+AZ11) -> 0
A12: 5 | B12: 907 | C12: 아고다 | D12: 양소은 | E12: C업그레이드 | F12: SD | G12: 1 | H12: 15:00 | I12: 11:00 | J12: 이 | O12: 66300 | P12: 5 | AK12: 추가숙박 | AL12: =COUNTA($L$68:$L$76) -> 0 | AN12: =SUM(L68:L76) -> 0 | AP12: =COUNTA($M$68:$M$76) -> 0 | AR12: =SUM(M68:M76) -> 0 | AT12: =COUNTA($O$68:$O$76) -> 0 | AV12: =SUM(O68:O76) -> 0 | AX12: =COUNTA($N$68:$N$76) -> 0 | AZ12: =SUM(N68:N76) -> 0 | BB12: =SUM(AL12+AP12+AT12+AX12) -> 0 | BD12: =SUM(AN12+AR12+AV12+AZ12) -> 0
A13: 6 | B13: 1011 | C13: 여기어때 | D13: 신철우 | E13: 특가(랜덤) | F13: B | G13: 1 | H13: 15:00 | I13: 11:00 | J13: 이 | O13: 60000 | P13: 6 | AK13: 추가대실 | AL13: =COUNTA($Z$68:$Z$76) -> 0 | AN13: =SUM(Z68:Z76) -> 0 | AP13: =COUNTA($AA$68:$AA$76) -> 0 | AR13: =SUM(AA68:AA76) -> 0 | AT13: =COUNTA($AE$68:$AE$76) -> 0 | AV13: =SUM(AE68:AE76) -> 0 | AX13: =COUNTA($AB$68:$AB$76) -> 0 | AZ13: =SUM(AB68:AB76) -> 0 | BB13: =SUM(AL13+AP13+AT13+AX13) -> 0 | BD13: =SUM(AN13+AR13+AV13+AZ13) -> 0
A14: 7 | B14: 911 | C14: 야놀자 | D14: 나경호 | E14: 특가(랜덤) | F14: B | G14: 1 | H14: 15:00 | I14: 11:00 | J14: 이 | O14: 60000 | P14: 7 | AK14: 소계 | AL14: =SUM(AL10:AM11) -> 0 | AN14: =SUM(AN10:AO13) -> 0 | AP14: =SUM(AP10:AQ11) -> 0 | AR14: =SUM(AR10:AS13) -> 0 | AT14: =SUM(AT10:AU11) -> 19 | AV14: =SUM(AV10:AW13) -> 1008750 | AX14: =SUM(AX10:AY11) -> 0 | AZ14: =SUM(AZ10:BA13) -> 0 | BB14: =SUM(AL14+AP14+AT14+AX14) -> 19 | BD14: =SUM(BD10:BE13) -> 1008750
A15: 8 | B15: 1004 | C15: 야놀자 | D15: 강동휘 | F15: SD | G15: 1 | H15: 15:00 | I15: 11:00 | J15: 황 | O15: 75000 | P15: 8 | AK15: 어메니티 | AL15: =AL24 -> 0 | AN15: =AN24 -> 0 | AP15: =AP24 -> 0 | AR15: =AR24 -> 0 | AX15: =AT24 -> 0 | AZ15: =AV24 -> 0 | BB15: =AX24 -> 0 | BD15: =SUM(AN15+AR15+AV15+AZ15) -> 0
A16: 9 | B16: 1114 | C16: 여기어때 | D16: 정채윤 | E16: 특가(랜덤) | F16: AT | G16: 1 | H16: 15:00 | I16: 11:00 | J16: 황 | O16: 60000 | P16: 9 | BB16: 총합계 | BD16: =BD14+BD15 -> 1008750
A17: 10 | B17: 902 | C17: 야놀자 | D17: 임우진 | E17: AD업그레이드 | F17: SD | G17: 1 | H17: 15:00 | I17: 11:00 | J17: 이 | O17: 70000 | P17: 10
A18: 11 | B18: 501 | C18: 여기어때 | D18: 임창재 | E18: C업그레이드 | F18: V | G18: 1 | H18: 15:00 | I18: 11:00 | J18: 이 | O18: 65000 | P18: 11 | AI18: 어메니티 판매현황 | AK18: 구분 | AL18: 현금 (1) | AP18: 카드 (2) | AT18: 계좌이체 (3) | AX18: 소계
A19: 12 | B19: 309 | C19: 야놀자 | D19: 김시은 | E19: 특가(랜덤) | F19: C | G19: 1/2 | H19: 15:00 | I19: 11:00 | J19: 이 | O19: 120000 | P19: 12 | AL19: 건수 | AN19: 금액 | AP19: 건수 | AR19: 금액 | AT19: 건수 | AV19: 금액 | AX19: 건수 | AZ19: 금액
A20: 13 | B20: 701 | C20: 야놀자 | D20: 김동현 | E20: 특가(랜덤) | F20: V | G20: 1 | H20: 15:00 | I20: 11:00 | J20: 김 | O20: 60000 | P20: 13 | AK20: 숙박 | AL20: =COUNTIF(K7:K67,1) -> 0 | AN20: =AL20*2000 -> 0 | AP20: =COUNTIF(K7:K67,2) -> 0 | AR20: =AP20*2000 -> 0 | AT20: =COUNTIF(K8:K67,3) -> 0 | AV20: =AT20*2000 -> 0 | AX20: =SUM(AL20+AP20+AT20) -> 0 | AZ20: =SUM(AJ20+AN20+AR20+AV20) -> 0
A21: 14 | P21: 14 | AK21: 대실 | AL21: =COUNTIF(Y7:Y67,1) -> 0 | AN21: =AL21*2000 -> 0 | AP21: =COUNTIF(Y7:Y67,2) -> 0 | AR21: =AP21*2000 -> 0 | AT21: =COUNTIF(Y8:Y67,3) -> 0 | AV21: =AT21*2000 -> 0 | AX21: =SUM(AL21+AP21+AT21) -> 0 | AZ21: =SUM(AJ21+AN21+AR21+AV21) -> 0
A22: 15 | P22: 15 | AK22: 추가 | AX22: =SUM(AL22+AP22+AT22) -> 0 | AZ22: =SUM(AJ22+AN22+AR22+AV22) -> 0
A23: 16 | P23: 16 | AX23: =SUM(AH23+AL23+AP23+AT23) -> 0 | AZ23: =SUM(AJ23+AN23+AR23+AV23) -> 0
A24: 17 | P24: 17 | AK24: 소계 | AL24: =SUM(AL20:AM23) -> 0 | AN24: =SUM(AN20:AO23) -> 0 | AP24: =SUM(AP20:AQ23) -> 0 | AR24: =SUM(AR20:AS23) -> 0 | AT24: =SUM(AT20:AU23) -> 0 | AV24: =SUM(AV20:AW23) -> 0 | AX24: =SUM(AH24+AL24+AP24+AT24) -> 0 | AZ24: =SUM(AZ20:BA23) -> 0
A25: 18 | P25: 18
A26: 19 | P26: 19
A27: 20 | P27: 20 | AJ27: 객실 타입 별 예약 현황
A28: 21 | P28: 21 | AJ28: 타입 | AL28: C | AN28: B | AP28: AT | AR28: AD | AS28: SD | AU28: ST | AW28: V | AX28: 특
A29: 22 | P29: 22 | AJ29: 기준수량 | AL29: 5 | AN29: 4 | AP29: 10 | AR29: 2 | AS29: 9 | AU29: 5 | AW29: 5 | AX29: 0 | AZ29: 0
A30: 23 | P30: 23 | AJ30: 예약수량 | AL30: =COUNTIF(F8:F67,"c") -> 5 | AN30: =COUNTIF(F8:F67,"b") -> 3 | AP30: =COUNTIF(F8:F67,"at") -> 2 | AR30: =COUNTIF(F8:F67,"aD") -> 1 | AS30: =COUNTIF(F8:F67,"sd") -> 5 | AU30: =COUNTIF(F8:F67,"st") -> 0 | AW30: =COUNTIF(F8:F67,"v") -> 3 | AX30: =COUNTIF(F8:F67,"PA") -> 0 | AZ30: =COUNTIF(F8:F67,"특") -> 0
A31: 24 | P31: 24 | AJ31: 잔여수량 | AL31: =AL29-AL30 -> 0 | AN31: =AN29-AN30 -> 1 | AP31: =AP29-AP30 -> 8 | AR31: =AR29-AR30 -> 1 | AS31: =AS29-AS30 -> 4 | AU31: =AU29-AU30 -> 5 | AW31: =AW29-AW30 -> 2 | AX31: =AX29-AX30 -> 0 | AZ31: =AZ29-AZ30 -> 0
A32: 25 | P32: 25 | AK32: `
A33: 26 | P33: 26
A34: 27 | P34: 27
A35: 28 | P35: 28
A36: 29 | P36: 29
A37: 30 | P37: 30
A38: 31 | P38: 31
A39: 32 | P39: 32
A40: 33 | P40: 33
A41: 34 | P41: 34
A42: 35 | B42: 409 | C42: 아고다 | D42: 권한주 | F42: SD | G42: 2/2 | H42: 15:00 | I42: 11:00 | J42: 이 | O42: 0 | P42: 35
A43: 36 | B43: 307 | C43: 아고다 | D43: 이옥희 | F43: C | G43: 2/2 | H43: 15:00 | I43: 11:00 | J43: 이 | O43: 0 | P43: 36
A44: 37 | B44: 1110 | C44: 현장결제 | D44: 고태원 | E44: 010-3833-8064 | F44: V | G44: 3/3 | H44: 15:00 | I44: 11:00 | J44: 이 | O44: 0 | P44: 37
A45: 38 | B45: 609 | C45: 여기어때 | D45: 김민정 | F45: SD | G45: 2/2 | H45: 15:00 | I45: 11:00 | J45: 김 | O45: 0 | P45: 38
A46: 39 | B46: 305 | C46: 에어 | D46: Antoine/ | E46: Arfaoui | F46: C | G46: 3/5 | H46: 15:00 | I46: 11:00 | J46: 이 | O46: 0 | P46: 39
A47: 40 | B47: 308 | C47: 여기어때 | D47: 이성빈 | E47: 특가(랜덤) | F47: C | G47: 2/4 | H47: 15:00 | I47: 11:00 | J47: 이 | O47: 0 | P47: 40
A48: 41 | P48: 41
A49: 42 | P49: 42
A50: 43 | P50: 43 | AI50: 2. 영업분석표
A51: 44 | P51: 44 | AI51: 구분 | AK51: 상세 | AM51: 대실 | AP51: 숙박 | AS51: 총 합계 | AU51: 구분 | AW51: 식 / 음료 | BC51: 총 합계
A52: 45 | P52: 45 | AK52: 건 | AM52: 건 | AN52: 금액 | AP52: 건 | AQ52: 금액 | AW52: 품목 | BA52: 건
A53: 46 | P53: 46 | AI53: 오프라인 | AK53: 워크인 | AM53: =COUNTIF($R$8:$R$67, "워크인") -> 0 | AN53: =SUMIF($R$8:$R$73, "워크인", $AE$8:$AE$73)+SUMIF($R$8:$R$73, "워크인", $AB$8:$AB$73)+SUMIF($R$8:$R$73, "워크인", $AA$8:$AA$73)+SUMIF($R$8:$R$73, "워크인", $Z$8:$Z$73) -> 0 | AP53: =COUNTIF($C$8:$C$67, "워크인") -> 0 | AQ53: =SUMIF($C$8:$C$72, "워크인", $L$8:$L$72)+SUMIF($C$8:$C$72, "워크인", $M$8:$M$72)+SUMIF($C$8:$C$72, "워크인", $N$8:$N$72)+SUMIF($C$8:$C$72, "워크인", $O$8:$O$72) -> 0 | AS53: =SUM(AN53+AQ53) -> 0 | AU53: 식음료 | AW53: 맥주
A54: 47 | P54: 47 | AK54: 무료 | AM54: =COUNTIF($R$8:$R$73, "무료") -> 0 | AN54: =SUMIF($R$8:$R$73, "무료", $AE$8:$AE$73)+SUMIF($R$8:$R$73, "무료", $AB$8:$AB$73)+SUMIF($R$8:$R$73, "무료", $AA$8:$AA$73)+SUMIF($R$8:$R$73, "무료", $Z$8:$Z$73) -> 0 | AP54: =COUNTIF($C$8:$C$76, "무료") -> 0 | AQ54: =SUMIF($C$8:$C$72, "무료", $L$8:$L$72)+SUMIF($C$8:$C$72, "무료", $M$8:$M$72)+SUMIF($C$8:$C$72, "무료", $N$8:$N$72)+SUMIF($C$8:$C$72, "무료", $O$8:$O$72) -> 0 | AS54: =SUM(AN54+AQ54) -> 0 | AW54: 어메니티 | BA54: =AX24 -> 0 | BC54: =AZ24 -> 0
A55: 48 | P55: 48 | AK55: 계좌 | AM55: =COUNTIF($R$8:$R$73, "계좌") -> 0 | AN55: =SUMIF($R$8:$R$73, "계좌", $AE$8:$AE$73)+SUMIF($R$8:$R$73, "계좌", $AB$8:$AB$73)+SUMIF($R$8:$R$73, "계좌", $AA$8:$AA$73)+SUMIF($R$8:$R$73, "계좌", $Z$8:$Z$73) -> 0 | AP55: =COUNTIF($C$8:$C$76, "계좌") -> 0 | AQ55: =SUMIF($C$8:$C$72, "계좌", $L$8:$L$72)+SUMIF($C$8:$C$72, "계좌", $M$8:$M$72)+SUMIF($C$8:$C$72, "계좌", $N$8:$N$72)+SUMIF($C$8:$C$72, "계좌", $O$8:$O$72) -> 0 | AS55: =SUM(AN55+AQ55) -> 0 | AW55: 합계 | BA55: =SUM(BA53:BB54) -> 0 | BC55: =SUM(BC53:BE54) -> 0
A56: 49 | P56: 49 | AI56: 그외 | AM56: =COUNTIF($R$8:$R$73, "부킹닷컴") -> 0 | AN56: =SUMIF($R$8:$R$73, "부킹닷컴", $AE$8:$AE$73)+SUMIF($R$8:$R$73, "부킹닷컴", $AB$8:$AB$73)+SUMIF($R$8:$R$73, "부킹닷컴", $AA$8:$AA$73)+SUMIF($R$8:$R$73, "부킹닷컴", $Z$8:$Z$73) -> 0 | AP56: =COUNTIF($C$8:$C$76, "부킹닷컴") -> 0 | AQ56: =SUMIF($C$8:$C$72, "부킹닷컴", $L$8:$L$72)+SUMIF($C$8:$C$72, "부킹닷컴", $M$8:$M$72)+SUMIF($C$8:$C$72, "부킹닷컴", $N$8:$N$72)+SUMIF($C$8:$C$72, "부킹닷컴", $O$8:$O$72) -> 0 | AS56: =SUM(AN56+AQ56) -> 0
A57: 50 | P57: 50 | AK57: 추가 | AN57: =SUMIF($R$68:$R$72, "추가", $AA$68:$AA$72)+SUMIF($R$68:$R$72, "추가", $Z$68:$Z$72) -> 0 | AQ57: =SUMIF($C$68:$C$72, "추가", $L$68:$L$72)+SUMIF($C$68:$C$72, "추가", $M$68:$M$72)+SUMIF($C$68:$C$72, "추가", $N$68:$N$72)+SUMIF($C$68:$C$72, "추가", $O$68:$O$72) -> 0 | AS57: =SUM(AN57+AQ57) -> 0
A58: 51 | P58: 51 | AI58: 소계 | AM58: =SUM(AM53:AM56) -> 0 | AN58: =SUM(AN53:AO57) -> 0 | AP58: =SUM(AP53:AP57) -> 0 | AQ58: =SUM(AQ53:AR57) -> 0 | AS58: =SUM(AS53:AT57) -> 0
A59: 52 | P59: 52 | AI59: 온라인 | AK59: 채널명 | AM59: 건수 | AN59: 판매가 | AO59: 입금가 | AP59: 건수 | AQ59: 판매가 | AR59: 입금가 | AS59: 판매합계 | AT59: 입금합계 | AU59: 고객연령 | AW59: 20 | BB59: =COUNTIF($K$8:$K$67, "20")+COUNTIF($Y$8:$Y$67, "20") -> 0
A60: 53 | P60: 53 | AK60: 야놀자 | AM60: =COUNTIF($R$8:$R$73, $AK60) -> 0 | AN60: =SUMIF($R$8:$R$73, $AK60, $Z$8:$Z$73)+SUMIF($R$8:$R$73, $AK60, $AB$8:$AB$73)+SUMIF($R$8:$R$73, $AK60, $AA$8:$AA$73)+SUMIF($R$8:$R$73, $AK60, $AE$8:$AE$73) -> 0 | AO60: =AN60*0.9 -> 0 | AP60: =COUNTIF($C$8:$C$73, $AK60) -> 6 | AQ60: =SUMIF($C$8:$C$72, $AK60, $L$8:$L$72)+SUMIF($C$8:$C$72, $AK60, $M$8:$M$72)+SUMIF($C$8:$C$72, $AK60, $N$8:$N$72)+SUMIF($C$8:$C$72, $AK60, $O$8:$O$72) -> 445000 | AR60: =AQ60*0.9 -> 400500 | AS60: =SUM(AN60+AQ60) -> 445000 | AT60: =AO60+AR60 -> 400500 | AW60: 30 | BB60: =COUNTIF($K$8:$K$67, "30")+COUNTIF($Y$8:$Y$67, "30") -> 0
A61: 54 | P61: 54 | AK61: 여기어때 | AM61: =COUNTIF($R$8:$R$73, $AK61) -> 0 | AN61: =SUMIF($R$8:$R$73, $AK61, $Z$8:$Z$73)+SUMIF($R$8:$R$73, $AK61, $AB$8:$AB$73)+SUMIF($R$8:$R$73, $AK61, $AA$8:$AA$73)+SUMIF($R$8:$R$73, $AK61, $AE$8:$AE$73) -> 0 | AO61: =AN61*0.9 -> 0 | AP61: =COUNTIF($C$8:$C$73, $AK61) -> 7 | AQ61: =SUMIF($C$8:$C$72, $AK61, $L$8:$L$72)+SUMIF($C$8:$C$72, $AK61, $M$8:$M$72)+SUMIF($C$8:$C$72, $AK61, $N$8:$N$72)+SUMIF($C$8:$C$72, $AK61, $O$8:$O$72) -> 320000 | AR61: =AQ61*0.9 -> 288000 | AS61: =SUM(AN61+AQ61) -> 320000 | AT61: =AO61+AR61 -> 288000 | AW61: 40 | BB61: =COUNTIF($K$8:$K$67, "40")+COUNTIF($Y$8:$Y$67, "40") -> 0
A62: 55 | P62: 55 | AK62: 네이버 | AM62: =COUNTIF($R$8:$R$73, $AK62) -> 0 | AN62: =SUMIF($R$8:$R$73, $AK62, $Z$8:$Z$73)+SUMIF($R$8:$R$73, $AK62, $AB$8:$AB$73)+SUMIF($R$8:$R$73, $AK62, $AA$8:$AA$73)+SUMIF($R$8:$R$73, $AK62, $AE$8:$AE$73) -> 0 | AO62: =AN62*0.9 -> 0 | AP62: =COUNTIF($C$8:$C$73, $AK62) -> 0 | AQ62: =SUMIF($C$8:$C$72, $AK62, $L$8:$L$72)+SUMIF($C$8:$C$72, $AK62, $M$8:$M$72)+SUMIF($C$8:$C$72, $AK62, $N$8:$N$72)+SUMIF($C$8:$C$72, $AK62, $O$8:$O$72) -> 0 | AR62: =AQ62*0.9 -> 0 | AS62: =SUM(AN62+AQ62) -> 0 | AT62: =AO62+AR62 -> 0 | AW62: 50 | BB62: =COUNTIF($K$8:$K$67, "50")+COUNTIF($Y$8:$Y$67, "50") -> 0
A63: 56 | P63: 56 | AK63: 부킹 | AM63: =COUNTIF($R$8:$R$73, $AK63) -> 0 | AN63: =SUMIF($R$8:$R$73, $AK63, $Z$8:$Z$73)+SUMIF($R$8:$R$73, $AK63, $AB$8:$AB$73)+SUMIF($R$8:$R$73, $AK63, $AA$8:$AA$73)+SUMIF($R$8:$R$73, $AK63, $AE$8:$AE$73) -> 0 | AO63: =AN63*0.9 -> 0 | AP63: =COUNTIF($C$8:$C$73, $AK63) -> 0 | AQ63: =SUMIF($C$8:$C$72, $AK63, $L$8:$L$72)+SUMIF($C$8:$C$72, $AK63, $M$8:$M$72)+SUMIF($C$8:$C$72, $AK63, $N$8:$N$72)+SUMIF($C$8:$C$72, $AK63, $O$8:$O$72) -> 0 | AR63: =AQ63*0.9 -> 0 | AS63: =SUM(AN63+AQ63) -> 0 | AT63: =AO63+AR63 -> 0 | AW63: 60 | BB63: =COUNTIF($K$8:$K$67, "60")+COUNTIF($Y$8:$Y$67, "60") -> 0
A64: 57 | P64: 57 | AK64: 꿀스 | AM64: =COUNTIF($R$8:$R$73, $AK64) -> 0 | AN64: =SUMIF($R$8:$R$73, $AK64, $Z$8:$Z$73)+SUMIF($R$8:$R$73, $AK64, $AB$8:$AB$73)+SUMIF($R$8:$R$73, $AK64, $AA$8:$AA$73)+SUMIF($R$8:$R$73, $AK64, $AE$8:$AE$73) -> 0 | AO64: =AN64*0.9 -> 0 | AP64: =COUNTIF($C$8:$C$73, $AK64) -> 0 | AQ64: =SUMIF($C$8:$C$72, $AK64, $L$8:$L$72)+SUMIF($C$8:$C$72, $AK64, $M$8:$M$72)+SUMIF($C$8:$C$72, $AK64, $N$8:$N$72)+SUMIF($C$8:$C$72, $AK64, $O$8:$O$72) -> 0 | AR64: =AQ64*0.9 -> 0 | AS64: =SUM(AN64+AQ64) -> 0 | AT64: =AO64+AR64 -> 0 | AU64: 방문유형 | AW64: W | BB64: =COUNTIF($J$8:$J$67, "w")+COUNTIF($X$8:$X$67, "w") -> 0
A65: 58 | P65: 58 | AK65: 에어 | AM65: =COUNTIF($R$8:$R$73, $AK65) -> 0 | AN65: =SUMIF($R$8:$R$73, $AK65, $Z$8:$Z$73)+SUMIF($R$8:$R$73, $AK65, $AB$8:$AB$73)+SUMIF($R$8:$R$73, $AK65, $AA$8:$AA$73)+SUMIF($R$8:$R$73, $AK65, $AE$8:$AE$73) -> 0 | AO65: =AN65*0.9 -> 0 | AP65: =COUNTIF($C$8:$C$73, $AK65) -> 1 | AQ65: =SUMIF($C$8:$C$72, $AK65, $L$8:$L$72)+SUMIF($C$8:$C$72, $AK65, $M$8:$M$72)+SUMIF($C$8:$C$72, $AK65, $N$8:$N$72)+SUMIF($C$8:$C$72, $AK65, $O$8:$O$72) -> 0 | AR65: =AQ65*0.9 -> 0 | AS65: =SUM(AN65+AQ65) -> 0 | AT65: =AO65+AR65 -> 0 | AW65: C | BB65: =COUNTIF($J$8:$J$67, "c")+COUNTIF($X$8:$X$67, "c") -> 0
A66: 59 | P66: 59 | AK66: 아고다 | AM66: =COUNTIF($R$8:$R$73, $AK66) -> 0 | AN66: =SUMIF($R$8:$R$73, $AK66, $Z$8:$Z$73)+SUMIF($R$8:$R$73, $AK66, $AB$8:$AB$73)+SUMIF($R$8:$R$73, $AK66, $AA$8:$AA$73)+SUMIF($R$8:$R$73, $AK66, $AE$8:$AE$73) -> 0 | AO66: =AN66*0.9 -> 0 | AP66: =COUNTIF($C$8:$C$73, $AK66) -> 3 | AQ66: =SUMIF($C$8:$C$72, $AK66, $L$8:$L$72)+SUMIF($C$8:$C$72, $AK66, $M$8:$M$72)+SUMIF($C$8:$C$72, $AK66, $N$8:$N$72)+SUMIF($C$8:$C$72, $AK66, $O$8:$O$72) -> 66300 | AR66: =AQ66*0.9 -> 59670 | AS66: =SUM(AN66+AQ66) -> 66300 | AT66: =AO66+AR66 -> 59670
A67: 60 | P67: 60 | AK67: 익스피디아 | AM67: =COUNTIF($R$8:$R$73, $AK67) -> 0 | AN67: =SUMIF($R$8:$R$73, $AK67, $Z$8:$Z$73)+SUMIF($R$8:$R$73, $AK67, $AB$8:$AB$73)+SUMIF($R$8:$R$73, $AK67, $AA$8:$AA$73)+SUMIF($R$8:$R$73, $AK67, $AE$8:$AE$73) -> 0 | AO67: =AN67*0.9 -> 0 | AP67: =COUNTIF($C$8:$C$73, $AK67) -> 1 | AQ67: =SUMIF($C$8:$C$72, $AK67, $L$8:$L$72)+SUMIF($C$8:$C$72, $AK67, $M$8:$M$72)+SUMIF($C$8:$C$72, $AK67, $N$8:$N$72)+SUMIF($C$8:$C$72, $AK67, $O$8:$O$72) -> 177450 | AR67: =AQ67*0.9 -> 159705 | AS67: =SUM(AN67+AQ67) -> 177450 | AT67: =AO67+AR67 -> 159705 | AZ67: 대실 | BC67: 숙박
A68: 추가요금 | P68: 추가요금 | AK68: 트립 | AM68: =COUNTIF($R$8:$R$73, $AK68) -> 0 | AN68: =SUMIF($R$8:$R$73, $AK68, $Z$8:$Z$73)+SUMIF($R$8:$R$73, $AK68, $AB$8:$AB$73)+SUMIF($R$8:$R$73, $AK68, $AA$8:$AA$73)+SUMIF($R$8:$R$73, $AK68, $AE$8:$AE$73) -> 0 | AO68: =AN68*0.9 -> 0 | AP68: =COUNTIF($C$8:$C$73, $AK68) -> 0 | AQ68: =SUMIF($C$8:$C$72, $AK68, $L$8:$L$72)+SUMIF($C$8:$C$72, $AK68, $M$8:$M$72)+SUMIF($C$8:$C$72, $AK68, $N$8:$N$72)+SUMIF($C$8:$C$72, $AK68, $O$8:$O$72) -> 0 | AR68: =AQ68*0.9 -> 0 | AS68: =SUM(AN68+AQ68) -> 0 | AT68: =AO68+AR68 -> 0 | AZ68: =SUM(AN58+AN73) -> 0 | BC68: =AQ58+AQ73 -> 1008750
AK69: 호텔나우 | AM69: =COUNTIF($R$8:$R$73, $AK69) -> 0 | AN69: =SUMIF($R$8:$R$73, $AK69, $Z$8:$Z$73)+SUMIF($R$8:$R$73, $AK69, $AB$8:$AB$73)+SUMIF($R$8:$R$73, $AK69, $AA$8:$AA$73)+SUMIF($R$8:$R$73, $AK69, $AE$8:$AE$73) -> 0 | AO69: =AN69*0.9 -> 0 | AP69: =COUNTIF($C$8:$C$73, $AK69) -> 0 | AQ69: =SUMIF($C$8:$C$72, $AK69, $L$8:$L$72)+SUMIF($C$8:$C$72, $AK69, $M$8:$M$72)+SUMIF($C$8:$C$72, $AK69, $N$8:$N$72)+SUMIF($C$8:$C$72, $AK69, $O$8:$O$72) -> 0 | AR69: =AQ69*0.9 -> 0 | AS69: =SUM(AN69+AQ69) -> 0 | AT69: =AO69+AR69 -> 0
AK70: 호텔타임 | AM70: =COUNTIF($R$8:$R$73, $AK70) -> 0 | AN70: =SUMIF($R$8:$R$73, $AK70, $Z$8:$Z$73)+SUMIF($R$8:$R$73, $AK70, $AB$8:$AB$73)+SUMIF($R$8:$R$73, $AK70, $AA$8:$AA$73)+SUMIF($R$8:$R$73, $AK70, $AE$8:$AE$73) -> 0 | AO70: =AN70*0.9 -> 0 | AP70: =COUNTIF($C$8:$C$73, $AK70) -> 0 | AQ70: =SUMIF($C$8:$C$72, $AK70, $L$8:$L$72)+SUMIF($C$8:$C$72, $AK70, $M$8:$M$72)+SUMIF($C$8:$C$72, $AK70, $N$8:$N$72)+SUMIF($C$8:$C$72, $AK70, $O$8:$O$72) -> 0 | AR70: =AQ70*0.9 -> 0 | AS70: =SUM(AN70+AQ70) -> 0 | AT70: =AO70+AR70 -> 0
AU71: 식음료/어메니티 총매출 | AZ71: =SUM(BC55) -> 0
AM72: =COUNTIF($R$8:$R$73, $AK72) -> 0 | AN72: =SUMIF($R$8:$R$73, $AK72, $Z$8:$Z$73)+SUMIF($R$8:$R$73, $AK72, $AB$8:$AB$73)+SUMIF($R$8:$R$73, $AK72, $AA$8:$AA$73)+SUMIF($R$8:$R$73, $AK72, $AE$8:$AE$73) -> 0 | AP72: =COUNTIF($C$8:$C$73, $AK72) -> 0 | AQ72: =SUMIF($C$8:$C$72, $AK72, $L$8:$L$72)+SUMIF($C$8:$C$72, $AK72, $M$8:$M$72)+SUMIF($C$8:$C$72, $AK72, $N$8:$N$72)+SUMIF($C$8:$C$72, $AK72, $O$8:$O$72) -> 0 | AS72: =SUM(AN72+AQ72) -> 0 | AT72: =AO72+AR72 -> 0 | AU72: 총매출 | AZ72: =BD16 -> 1008750
AI73: 소계 | AM73: =SUM(AM60:AM72) -> 0 | AN73: =SUM(AN60:AN72) -> 0 | AO73: =SUM(AO60:AO72) -> 0 | AP73: =SUM(AP60:AP72) -> 18 | AQ73: =SUM(AQ60:AQ72) -> 1008750 | AR73: =SUM(AR60:AR72) -> 907875 | AS73: =SUM(AS60:AS72) -> 1008750 | AT73: =SUM(AT60:AT72) -> 907875 | AU73: 순매출 | AZ73: =AS58+AT73 -> 907875

Sheet 9
A1: 객실판매일보 | P1: 근무자 | S1: 양동건 대체 /김선우 야간/황경현 팀장 | Z1: 날짜 | AA1: 45909 | AI1: 일일영업현황보고서
A2: 일매출 | C2: =AZ72 -> 1736500 | G2: 대실 | H2: =COUNTA($Z$8:$AE$67) -> 0 | M2: 숙박 | N2: =COUNTA($O$8:$O$67) -> 27 | Z2: 현금 시재 | AA2: 시작 | AB2: 309500 | AI2: 보고기준일 | AL2: ='9'!AA1 -> 45909 | AP2: 보고일자 | AS2: =AA1+1 -> 45910 | AZ2: 작성자 | BA2: =S1 -> 양동건 대체 /김선우 야간/황경현 팀장
H3: =SUM(Z8:AE76)+AZ21 -> 0 | N3: =SUM(L8:O76)+AZ20 -> 1736500 | AA3: 마감 | AB3: 309500
A4: 숙 박 | N4: =SUM(COUNTIF(B8:B67,{301,302,303,305,306,307,308,309,501,502,503,505,701,702,703,705,706,707,708,709})) -> 5 | O4: =SUM(COUNTIF(B8:B67,{201,202,203,205,206,207,208,209,506,507,508,509,601,602,603,605,606,607,608,609})) -> 1 | P4: 대 실 | AF4: =SUM(COUNTIF(S8:S67,{301,302,303,305,306,307,308,309,501,502,503,505,701,702,703,705,706,707,708,709})) -> 0 | AG4: =SUM(COUNTIF(S8:S67,{201,202,203,205,206,207,208,209,506,507,508,509,601,602,603,605,606,607,608,609})) -> 0
A5: 타입 | C5: C | D5: B | E5: AT | F5: AD | G5: SD | H5: ST | I5: V | J5: 특 | N5: 남은 객실 | P5: 매출보고 | R5: 현금 | S5: 계좌 | T5: 카드 | U5: 야놀자 | W5: 여기어때 | Y5: 네이버 | AA5: 부킹 | AB5: 아고다 | AC5: 익스피디아 | AD5: 트립 | AE5: 에어 | AF5: 호텔나우 | AG5: 호텔타임
A6: 잔여수량 | C6: =AL31 -> 1 | D6: =AN31 -> 2 | E6: =AP31 -> 1 | F6: =AR31 -> 1 | G6: =AS31 -> 8 | H6: =AU31 -> 2 | I6: =AW31 -> 1 | J6: =AX31 -> 0 | N6: =C6+D6+E6+F6+G6+H6+I6+J6+K6 -> 16 | P6: =C2 -> 1736500 | R6: =AN14+AN15 -> 0 | S6: =AZ14+AZ15 -> 0 | T6: =AR14+AR15 -> 166000 | U6: =AS60 -> 725000 | W6: =AS61 -> 555000 | Y6: =AS62 -> 145000 | AA6: =AS63 -> 0 | AB6: =AS66 -> 145500 | AC6: =AS67 -> 0 | AD6: =SUMIFS(O7:O47,C7:C47,"트립") -> 0 | AE6: =AS65 -> 0 | AF6: =AS69 -> 0 | AG6: =AS70 -> 0
A7: 번호 | B7: 호실 | C7: 채널명 | D7: 고객명 | E7: 비고 | F7: 타입 | G7: 기간 | H7: 체크인 | I7: 체크아웃 | J7: 작성자 | K7: 비품 | L7: 현금 | M7: 카드 | N7: 계좌이체 | O7: 온라인 | P7: 번호 | Q7: 호실 | R7: 채널명 | S7: 고객명 | T7: 비고 | U7: 타입 | V7: 체크인 | W7: 체크아웃 | X7: 작성자 | Y7: 비품 | Z7: 현금 | AA7: 카드 | AB7: 계좌이체 | AE7: 온라인
A8: 1 | B8: 1111 | C8: 아고다 | D8: 박세현 | F8: B | G8: 1 | H8: 15:00 | I8: 11:00 | J8: 이 | O8: 79200 | P8: 1 | AI8: 총 매 출 | AK8: 구분 | AL8: 현금 | AP8: 카드 | AT8: 온라인 | AX8: 계좌이체 | BB8: 소계
A9: 2 | B9: 1107 | C9: 네이버 | D9: 정대성 | E9: C업그레이드 | F9: SD | G9: 1 | H9: 15:00 | I9: 11:00 | J9: 양 | O9: 80000 | P9: 2 | AL9: 건수 | AN9: 금액 | AP9: 건수 | AR9: 금액 | AT9: 건수 | AV9: 금액 | AX9: 건수 | AZ9: 금액 | BB9: 건수 | BD9: 금액
A10: 3 | B10: 1110 | C10: 야놀자 | D10: 강현구 | F10: V | G10: 1 | H10: 15:00 | I10: 11:00 | J10: 황 | O10: 95000 | P10: 3 | AK10: 숙박 | AL10: =COUNTA($L$8:$L$67) -> 0 | AN10: =SUM(L8:L67) -> 0 | AP10: =COUNT(M8:M67) -> 2 | AR10: =SUM(M8:M67) -> 140000 | AT10: =COUNTA($O$8:$O$67) -> 27 | AV10: =SUM(O8:O67) -> 1570500 | AX10: =COUNTA($N$8:$N$67) -> 0 | AZ10: =SUM(N8:N67) -> 0 | BB10: =SUM(AL10+AP10+AT10+AX10) -> 29 | BD10: =SUM(AN10+AR10+AV10+AZ10) -> 1710500
A11: 4 | B11: 1105 | C11: 네이버 | D11: 홍성원 | E11: C업그레이드 | F11: SD | G11: 1 | H11: 15:00 | I11: 11:00 | J11: 이 | O11: 65000 | P11: 4 | AK11: 대실 | AL11: =COUNTA($Z$8:$Z$67) -> 0 | AN11: =SUM(Z8:Z67) -> 0 | AP11: =COUNTA($AA$8:$AA$67) -> 0 | AR11: =SUM(AA8:AA67) -> 0 | AT11: =COUNTA($AE$8:$AE$67) -> 0 | AV11: =SUM(AE8:AE67) -> 0 | AX11: =COUNTA($AB$8:$AB$68) -> 0 | AZ11: =SUM(AB8:AB67) -> 0 | BB11: =SUM(AL11+AP11+AT11+AX11) -> 0 | BD11: =SUM(AN11+AR11+AV11+AZ11) -> 0
A12: 5 | B12: 1210 | C12: 야놀자 | D12: 엄태영 | F12: V | G12: 1/3 | H12: 15:00 | I12: 11:00 | J12: 황 | O12: 240000 | P12: 5 | AK12: 추가숙박 | AL12: =COUNTA($L$68:$L$76) -> 0 | AN12: =SUM(L68:L76) -> 0 | AP12: =COUNTA($M$68:$M$76) -> 1 | AR12: =SUM(M68:M76) -> 20000 | AT12: =COUNTA($O$68:$O$76) -> 0 | AV12: =SUM(O68:O76) -> 0 | AX12: =COUNTA($N$68:$N$76) -> 0 | AZ12: =SUM(N68:N76) -> 0 | BB12: =SUM(AL12+AP12+AT12+AX12) -> 1 | BD12: =SUM(AN12+AR12+AV12+AZ12) -> 20000
A13: 6 | B13: 409 | C13: 아고다 | D13: 이덕항 | E13: C업그레이드 | F13: SD | G13: 1 | H13: 15:00 | I13: 11:00 | J13: 이 | O13: 66300 | P13: 6 | AK13: 추가대실 | AL13: =COUNTA($Z$68:$Z$76) -> 0 | AN13: =SUM(Z68:Z76) -> 0 | AP13: =COUNTA($AA$68:$AA$76) -> 0 | AR13: =SUM(AA68:AA76) -> 0 | AT13: =COUNTA($AE$68:$AE$76) -> 0 | AV13: =SUM(AE68:AE76) -> 0 | AX13: =COUNTA($AB$68:$AB$76) -> 0 | AZ13: =SUM(AB68:AB76) -> 0 | BB13: =SUM(AL13+AP13+AT13+AX13) -> 0 | BD13: =SUM(AN13+AR13+AV13+AZ13) -> 0
A14: 7 | B14: 1115 | C14: 여기어때 | D14: 김건일 | E14: 특가(랜덤) | F14: AT | G14: 1 | H14: 15:00 | I14: 11:00 | J14: 이 | O14: 60000 | P14: 7 | AK14: 소계 | AL14: =SUM(AL10:AM11) -> 0 | AN14: =SUM(AN10:AO13) -> 0 | AP14: =SUM(AP10:AQ11) -> 2 | AR14: =SUM(AR10:AS13) -> 160000 | AT14: =SUM(AT10:AU11) -> 27 | AV14: =SUM(AV10:AW13) -> 1570500 | AX14: =SUM(AX10:AY11) -> 0 | AZ14: =SUM(AZ10:BA13) -> 0 | BB14: =SUM(AL14+AP14+AT14+AX14) -> 29 | BD14: =SUM(BD10:BE13) -> 1730500
A15: 8 | B15: 506 | C15: 야놀자 | D15: 이인석 | F15: C | G15: 1/2 | H15: 15:00 | I15: 11:00 | J15: 김 | O15: 130000 | P15: 8 | AK15: 어메니티 | AL15: =AL24 -> 0 | AN15: =AN24 -> 0 | AP15: =AP24 -> 3 | AR15: =AR24 -> 6000 | AX15: =AT24 -> 0 | AZ15: =AV24 -> 0 | BB15: =AX24 -> 3 | BD15: =SUM(AN15+AR15+AV15+AZ15) -> 6000
A16: 9 | B16: 1004 | C16: 전화예약 | D16: 남부현 | E16: 현장결제 | F16: C | G16: 1 | H16: 15:00 | I16: 11:00 | J16: 황 | M16: 65000 | O16: 0 | P16: 9 | BB16: 총합계 | BD16: =BD14+BD15 -> 1736500
A17: 10 | B17: 1116 | C17: 야놀자 | D17: 이도연 | E17: 특가(랜덤) | F17: AT | G17: 1 | H17: 15:00 | I17: 11:00 | J17: 황 | O17: 60000 | P17: 10
A18: 11 | B18: 1215 | C18: 야놀자 | D18: 오상훈 | E18: 특가(랜덤) | F18: AT | G18: 1 | H18: 15:00 | I18: 11:00 | J18: 황 | K18: 2 | O18: 60000 | P18: 11 | AI18: 어메니티 판매현황 | AK18: 구분 | AL18: 현금 (1) | AP18: 카드 (2) | AT18: 계좌이체 (3) | AX18: 소계
A19: 12 | B19: 1216 | C19: 야놀자 | D19: 류경호 | E19: 특가(랜덤) | F19: AT | G19: 1 | H19: 15:00 | I19: 11:00 | J19: 김 | O19: 60000 | P19: 12 | AL19: 건수 | AN19: 금액 | AP19: 건수 | AR19: 금액 | AT19: 건수 | AV19: 금액 | AX19: 건수 | AZ19: 금액
A20: 13 | B20: 1206 | C20: 여기어때 | D20: 조정민 | E20: C업그레이드 | F20: AD | G20: 1 | H20: 15:00 | I20: 11:00 | J20: 김 | O20: 65000 | P20: 13 | AK20: 숙박 | AL20: =COUNTIF(K7:K67,1) -> 0 | AN20: =AL20*2000 -> 0 | AP20: =COUNTIF(K7:K67,2) -> 3 | AR20: =AP20*2000 -> 6000 | AT20: =COUNTIF(K8:K67,3) -> 0 | AV20: =AT20*2000 -> 0 | AX20: =SUM(AL20+AP20+AT20) -> 3 | AZ20: =SUM(AJ20+AN20+AR20+AV20) -> 6000
A21: 14 | B21: 615 | C21: 여기어때 | D21: 차승준 | E21: 특가(랜덤) | F21: AT | G21: 1 | H21: 15:00 | I21: 11:00 | J21: 황 | O21: 60000 | P21: 14 | AK21: 대실 | AL21: =COUNTIF(Y7:Y67,1) -> 0 | AN21: =AL21*2000 -> 0 | AP21: =COUNTIF(Y7:Y67,2) -> 0 | AR21: =AP21*2000 -> 0 | AT21: =COUNTIF(Y8:Y67,3) -> 0 | AV21: =AT21*2000 -> 0 | AX21: =SUM(AL21+AP21+AT21) -> 0 | AZ21: =SUM(AJ21+AN21+AR21+AV21) -> 0
A22: 15 | B22: 715 | C22: 여기어때 | D22: 김연식 | E22: 특가(랜덤) | F22: AT | G22: 1 | H22: 15:00 | I22: 11:00 | J22: 황 | O22: 60000 | P22: 15 | AK22: 추가 | AX22: =SUM(AL22+AP22+AT22) -> 0 | AZ22: =SUM(AJ22+AN22+AR22+AV22) -> 0
A23: 16 | B23: 713 | C23: 여기어때 | D23: 신철우 | E23: 특가(랜덤) | F23: ST | G23: 1 | H23: 15:00 | I23: 11:00 | J23: 황 | O23: 60000 | P23: 16 | AX23: =SUM(AH23+AL23+AP23+AT23) -> 0 | AZ23: =SUM(AJ23+AN23+AR23+AV23) -> 0
A24: 17 | B24: 1011 | C24: 메모참조 | D24: slm jae klum | E24: 9/10 예약건 | F24: B | G24: 1 | H24: 15:00 | I24: 11:00 | J24: 황 | O24: 0 | P24: 17 | AK24: 소계 | AL24: =SUM(AL20:AM23) -> 0 | AN24: =SUM(AN20:AO23) -> 0 | AP24: =SUM(AP20:AQ23) -> 3 | AR24: =SUM(AR20:AS23) -> 6000 | AT24: =SUM(AT20:AU23) -> 0 | AV24: =SUM(AV20:AW23) -> 0 | AX24: =SUM(AH24+AL24+AP24+AT24) -> 3 | AZ24: =SUM(AZ20:BA23) -> 6000
A25: 18 | B25: 1114 | C25: 여기어때 | D25: 김현아 | E25: B업그레이드 | F25: AT | G25: 1 | H25: 15:00 | I25: 11:00 | J25: 황 | K25: 2 | O25: 65000 | P25: 18
A26: 19 | B26: 1214 | C26: 여기어때 | D26: 정재원 | E26: 특가(랜덤) | F26: AT | G26: 1 | H26: 15:00 | I26: 11:00 | J26: 황 | O26: 60000 | P26: 19
A27: 20 | B27: 906 | C27: 여기어때 | D27: 이윤지 | E27: B업그레이드 | F27: ST | G27: 1 | H27: 15:00 | I27: 11:00 | J27: 양 | K27: 2 | O27: 65000 | P27: 20 | AJ27: 객실 타입 별 예약 현황
A28: 21 | B28: 401 | C28: 여기어때 | D28: 윤상일 | E28: 특가(랜덤) | F28: V | G28: 1 | H28: 15:00 | I28: 11:00 | J28: 김 | O28: 60000 | P28: 21 | AJ28: 타입 | AL28: C | AN28: B | AP28: AT | AR28: AD | AS28: SD | AU28: ST | AW28: V | AX28: 특
A29: 22 | B29: 501 | C29: 야놀자 | D29: 홍정태 | F29: V | G29: 1 | H29: 15:00 | I29: 11:00 | J29: 김 | O29: 80000 | P29: 22 | AJ29: 기준수량 | AL29: 6 | AN29: 4 | AP29: 10 | AR29: 2 | AS29: 11 | AU29: 5 | AW29: 5 | AX29: 0 | AZ29: 0
A30: 23 | B30: 702 | C30: 워크인 | D30: 황정준 | E30: 현장결제 | F30: ST | G30: 1 | H30: 15:00 | I30: 11:00 | J30: 김 | M30: 75000 | O30: 0 | P30: 23 | AJ30: 예약수량 | AL30: =COUNTIF(F8:F67,"c") -> 5 | AN30: =COUNTIF(F8:F67,"b") -> 2 | AP30: =COUNTIF(F8:F67,"at") -> 9 | AR30: =COUNTIF(F8:F67,"aD") -> 1 | AS30: =COUNTIF(F8:F67,"sd") -> 3 | AU30: =COUNTIF(F8:F67,"st") -> 3 | AW30: =COUNTIF(F8:F67,"v") -> 4 | AX30: =COUNTIF(F8:F67,"PA") -> 0 | AZ30: =COUNTIF(F8:F67,"특") -> 0
A31: 24 | P31: 24 | AJ31: 잔여수량 | AL31: =AL29-AL30 -> 1 | AN31: =AN29-AN30 -> 2 | AP31: =AP29-AP30 -> 1 | AR31: =AR29-AR30 -> 1 | AS31: =AS29-AS30 -> 8 | AU31: =AU29-AU30 -> 2 | AW31: =AW29-AW30 -> 1 | AX31: =AX29-AX30 -> 0 | AZ31: =AZ29-AZ30 -> 0
A32: 25 | P32: 25 | AK32: `
A33: 26 | P33: 26
A34: 27 | P34: 27
A35: 28 | P35: 28
A36: 29 | P36: 29
A37: 30 | P37: 30
A38: 31 | P38: 31
A39: 32 | P39: 32
A40: 33 | P40: 33
A41: 34 | P41: 34
A42: 35 | P42: 35
A43: 36 | P43: 36
A44: 37 | B44: 309 | C44: 야놀자 | D44: 김시은 | E44: 특가(랜덤) | F44: C | G44: 2/2 | H44: 15:00 | I44: 11:00 | J44: 이 | O44: 0 | P44: 37
A45: 38 | B45: 305 | C45: 에어 | D45: Antoine/ | E45: Arfaoui | F45: C | G45: 4/5 | H45: 15:00 | I45: 11:00 | J45: 이 | O45: 0 | P45: 38
A46: 39 | B46: 1112 | C46: 익스피디아 | D46: 김영화 | F46: AT | G46: 2/3 | H46: 15:00 | I46: 11:00 | J46: 이 | O46: 0 | P46: 39
A47: 40 | B47: 308 | C47: 여기어때 | D47: 이성빈 | E47: 특가(랜덤) | F47: C | G47: 3/4 | H47: 15:00 | I47: 11:00 | J47: 이 | O47: 0 | P47: 40
A48: 41 | P48: 41
A49: 42 | P49: 42
A50: 43 | P50: 43 | AI50: 2. 영업분석표
A51: 44 | P51: 44 | AI51: 구분 | AK51: 상세 | AM51: 대실 | AP51: 숙박 | AS51: 총 합계 | AU51: 구분 | AW51: 식 / 음료 | BC51: 총 합계
A52: 45 | P52: 45 | AK52: 건 | AM52: 건 | AN52: 금액 | AP52: 건 | AQ52: 금액 | AW52: 품목 | BA52: 건
A53: 46 | P53: 46 | AI53: 오프라인 | AK53: 워크인 | AM53: =COUNTIF($R$8:$R$67, "워크인") -> 0 | AN53: =SUMIF($R$8:$R$73, "워크인", $AE$8:$AE$73)+SUMIF($R$8:$R$73, "워크인", $AB$8:$AB$73)+SUMIF($R$8:$R$73, "워크인", $AA$8:$AA$73)+SUMIF($R$8:$R$73, "워크인", $Z$8:$Z$73) -> 0 | AP53: =COUNTIF($C$8:$C$67, "워크인") -> 1 | AQ53: =SUMIF($C$8:$C$72, "워크인", $L$8:$L$72)+SUMIF($C$8:$C$72, "워크인", $M$8:$M$72)+SUMIF($C$8:$C$72, "워크인", $N$8:$N$72)+SUMIF($C$8:$C$72, "워크인", $O$8:$O$72) -> 75000 | AS53: =SUM(AN53+AQ53) -> 75000 | AU53: 식음료 | AW53: 맥주
A54: 47 | P54: 47 | AK54: 무료 | AM54: =COUNTIF($R$8:$R$73, "무료") -> 0 | AN54: =SUMIF($R$8:$R$73, "무료", $AE$8:$AE$73)+SUMIF($R$8:$R$73, "무료", $AB$8:$AB$73)+SUMIF($R$8:$R$73, "무료", $AA$8:$AA$73)+SUMIF($R$8:$R$73, "무료", $Z$8:$Z$73) -> 0 | AP54: =COUNTIF($C$8:$C$76, "무료") -> 0 | AQ54: =SUMIF($C$8:$C$72, "무료", $L$8:$L$72)+SUMIF($C$8:$C$72, "무료", $M$8:$M$72)+SUMIF($C$8:$C$72, "무료", $N$8:$N$72)+SUMIF($C$8:$C$72, "무료", $O$8:$O$72) -> 0 | AS54: =SUM(AN54+AQ54) -> 0 | AW54: 어메니티 | BA54: =AX24 -> 3 | BC54: =AZ24 -> 6000
A55: 48 | P55: 48 | AK55: 계좌 | AM55: =COUNTIF($R$8:$R$73, "계좌") -> 0 | AN55: =SUMIF($R$8:$R$73, "계좌", $AE$8:$AE$73)+SUMIF($R$8:$R$73, "계좌", $AB$8:$AB$73)+SUMIF($R$8:$R$73, "계좌", $AA$8:$AA$73)+SUMIF($R$8:$R$73, "계좌", $Z$8:$Z$73) -> 0 | AP55: =COUNTIF($C$8:$C$76, "계좌") -> 0 | AQ55: =SUMIF($C$8:$C$72, "계좌", $L$8:$L$72)+SUMIF($C$8:$C$72, "계좌", $M$8:$M$72)+SUMIF($C$8:$C$72, "계좌", $N$8:$N$72)+SUMIF($C$8:$C$72, "계좌", $O$8:$O$72) -> 0 | AS55: =SUM(AN55+AQ55) -> 0 | AW55: 합계 | BA55: =SUM(BA53:BB54) -> 3 | BC55: =SUM(BC53:BE54) -> 6000
A56: 49 | P56: 49 | AI56: 그외 | AM56: =COUNTIF($R$8:$R$73, "부킹닷컴") -> 0 | AN56: =SUMIF($R$8:$R$73, "부킹닷컴", $AE$8:$AE$73)+SUMIF($R$8:$R$73, "부킹닷컴", $AB$8:$AB$73)+SUMIF($R$8:$R$73, "부킹닷컴", $AA$8:$AA$73)+SUMIF($R$8:$R$73, "부킹닷컴", $Z$8:$Z$73) -> 0 | AP56: =COUNTIF($C$8:$C$76, "부킹닷컴") -> 0 | AQ56: =SUMIF($C$8:$C$72, "부킹닷컴", $L$8:$L$72)+SUMIF($C$8:$C$72, "부킹닷컴", $M$8:$M$72)+SUMIF($C$8:$C$72, "부킹닷컴", $N$8:$N$72)+SUMIF($C$8:$C$72, "부킹닷컴", $O$8:$O$72) -> 0 | AS56: =SUM(AN56+AQ56) -> 0
A57: 50 | P57: 50 | AK57: 추가 | AN57: =SUMIF($R$68:$R$72, "추가", $AA$68:$AA$72)+SUMIF($R$68:$R$72, "추가", $Z$68:$Z$72) -> 0 | AQ57: =SUMIF($C$68:$C$72, "추가", $L$68:$L$72)+SUMIF($C$68:$C$72, "추가", $M$68:$M$72)+SUMIF($C$68:$C$72, "추가", $N$68:$N$72)+SUMIF($C$68:$C$72, "추가", $O$68:$O$72) -> 0 | AS57: =SUM(AN57+AQ57) -> 0
A58: 51 | P58: 51 | AI58: 소계 | AM58: =SUM(AM53:AM56) -> 0 | AN58: =SUM(AN53:AO57) -> 0 | AP58: =SUM(AP53:AP57) -> 1 | AQ58: =SUM(AQ53:AR57) -> 75000 | AS58: =SUM(AS53:AT57) -> 75000
A59: 52 | P59: 52 | AI59: 온라인 | AK59: 채널명 | AM59: 건수 | AN59: 판매가 | AO59: 입금가 | AP59: 건수 | AQ59: 판매가 | AR59: 입금가 | AS59: 판매합계 | AT59: 입금합계 | AU59: 고객연령 | AW59: 20 | BB59: =COUNTIF($K$8:$K$67, "20")+COUNTIF($Y$8:$Y$67, "20") -> 0
A60: 53 | P60: 53 | AK60: 야놀자 | AM60: =COUNTIF($R$8:$R$73, $AK60) -> 0 | AN60: =SUMIF($R$8:$R$73, $AK60, $Z$8:$Z$73)+SUMIF($R$8:$R$73, $AK60, $AB$8:$AB$73)+SUMIF($R$8:$R$73, $AK60, $AA$8:$AA$73)+SUMIF($R$8:$R$73, $AK60, $AE$8:$AE$73) -> 0 | AO60: =AN60*0.9 -> 0 | AP60: =COUNTIF($C$8:$C$73, $AK60) -> 8 | AQ60: =SUMIF($C$8:$C$72, $AK60, $L$8:$L$72)+SUMIF($C$8:$C$72, $AK60, $M$8:$M$72)+SUMIF($C$8:$C$72, $AK60, $N$8:$N$72)+SUMIF($C$8:$C$72, $AK60, $O$8:$O$72) -> 725000 | AR60: =AQ60*0.9 -> 652500 | AS60: =SUM(AN60+AQ60) -> 725000 | AT60: =AO60+AR60 -> 652500 | AW60: 30 | BB60: =COUNTIF($K$8:$K$67, "30")+COUNTIF($Y$8:$Y$67, "30") -> 0
A61: 54 | P61: 54 | AK61: 여기어때 | AM61: =COUNTIF($R$8:$R$73, $AK61) -> 0 | AN61: =SUMIF($R$8:$R$73, $AK61, $Z$8:$Z$73)+SUMIF($R$8:$R$73, $AK61, $AB$8:$AB$73)+SUMIF($R$8:$R$73, $AK61, $AA$8:$AA$73)+SUMIF($R$8:$R$73, $AK61, $AE$8:$AE$73) -> 0 | AO61: =AN61*0.9 -> 0 | AP61: =COUNTIF($C$8:$C$73, $AK61) -> 10 | AQ61: =SUMIF($C$8:$C$72, $AK61, $L$8:$L$72)+SUMIF($C$8:$C$72, $AK61, $M$8:$M$72)+SUMIF($C$8:$C$72, $AK61, $N$8:$N$72)+SUMIF($C$8:$C$72, $AK61, $O$8:$O$72) -> 555000 | AR61: =AQ61*0.9 -> 499500 | AS61: =SUM(AN61+AQ61) -> 555000 | AT61: =AO61+AR61 -> 499500 | AW61: 40 | BB61: =COUNTIF($K$8:$K$67, "40")+COUNTIF($Y$8:$Y$67, "40") -> 0
A62: 55 | P62: 55 | AK62: 네이버 | AM62: =COUNTIF($R$8:$R$73, $AK62) -> 0 | AN62: =SUMIF($R$8:$R$73, $AK62, $Z$8:$Z$73)+SUMIF($R$8:$R$73, $AK62, $AB$8:$AB$73)+SUMIF($R$8:$R$73, $AK62, $AA$8:$AA$73)+SUMIF($R$8:$R$73, $AK62, $AE$8:$AE$73) -> 0 | AO62: =AN62*0.9 -> 0 | AP62: =COUNTIF($C$8:$C$73, $AK62) -> 2 | AQ62: =SUMIF($C$8:$C$72, $AK62, $L$8:$L$72)+SUMIF($C$8:$C$72, $AK62, $M$8:$M$72)+SUMIF($C$8:$C$72, $AK62, $N$8:$N$72)+SUMIF($C$8:$C$72, $AK62, $O$8:$O$72) -> 145000 | AR62: =AQ62*0.9 -> 130500 | AS62: =SUM(AN62+AQ62) -> 145000 | AT62: =AO62+AR62 -> 130500 | AW62: 50 | BB62: =COUNTIF($K$8:$K$67, "50")+COUNTIF($Y$8:$Y$67, "50") -> 0
A63: 56 | P63: 56 | AK63: 부킹 | AM63: =COUNTIF($R$8:$R$73, $AK63) -> 0 | AN63: =SUMIF($R$8:$R$73, $AK63, $Z$8:$Z$73)+SUMIF($R$8:$R$73, $AK63, $AB$8:$AB$73)+SUMIF($R$8:$R$73, $AK63, $AA$8:$AA$73)+SUMIF($R$8:$R$73, $AK63, $AE$8:$AE$73) -> 0 | AO63: =AN63*0.9 -> 0 | AP63: =COUNTIF($C$8:$C$73, $AK63) -> 0 | AQ63: =SUMIF($C$8:$C$72, $AK63, $L$8:$L$72)+SUMIF($C$8:$C$72, $AK63, $M$8:$M$72)+SUMIF($C$8:$C$72, $AK63, $N$8:$N$72)+SUMIF($C$8:$C$72, $AK63, $O$8:$O$72) -> 0 | AR63: =AQ63*0.9 -> 0 | AS63: =SUM(AN63+AQ63) -> 0 | AT63: =AO63+AR63 -> 0 | AW63: 60 | BB63: =COUNTIF($K$8:$K$67, "60")+COUNTIF($Y$8:$Y$67, "60") -> 0
A64: 57 | P64: 57 | AK64: 꿀스 | AM64: =COUNTIF($R$8:$R$73, $AK64) -> 0 | AN64: =SUMIF($R$8:$R$73, $AK64, $Z$8:$Z$73)+SUMIF($R$8:$R$73, $AK64, $AB$8:$AB$73)+SUMIF($R$8:$R$73, $AK64, $AA$8:$AA$73)+SUMIF($R$8:$R$73, $AK64, $AE$8:$AE$73) -> 0 | AO64: =AN64*0.9 -> 0 | AP64: =COUNTIF($C$8:$C$73, $AK64) -> 0 | AQ64: =SUMIF($C$8:$C$72, $AK64, $L$8:$L$72)+SUMIF($C$8:$C$72, $AK64, $M$8:$M$72)+SUMIF($C$8:$C$72, $AK64, $N$8:$N$72)+SUMIF($C$8:$C$72, $AK64, $O$8:$O$72) -> 0 | AR64: =AQ64*0.9 -> 0 | AS64: =SUM(AN64+AQ64) -> 0 | AT64: =AO64+AR64 -> 0 | AU64: 방문유형 | AW64: W | BB64: =COUNTIF($J$8:$J$67, "w")+COUNTIF($X$8:$X$67, "w") -> 0
A65: 58 | P65: 58 | AK65: 에어 | AM65: =COUNTIF($R$8:$R$73, $AK65) -> 0 | AN65: =SUMIF($R$8:$R$73, $AK65, $Z$8:$Z$73)+SUMIF($R$8:$R$73, $AK65, $AB$8:$AB$73)+SUMIF($R$8:$R$73, $AK65, $AA$8:$AA$73)+SUMIF($R$8:$R$73, $AK65, $AE$8:$AE$73) -> 0 | AO65: =AN65*0.9 -> 0 | AP65: =COUNTIF($C$8:$C$73, $AK65) -> 1 | AQ65: =SUMIF($C$8:$C$72, $AK65, $L$8:$L$72)+SUMIF($C$8:$C$72, $AK65, $M$8:$M$72)+SUMIF($C$8:$C$72, $AK65, $N$8:$N$72)+SUMIF($C$8:$C$72, $AK65, $O$8:$O$72) -> 0 | AR65: =AQ65*0.9 -> 0 | AS65: =SUM(AN65+AQ65) -> 0 | AT65: =AO65+AR65 -> 0 | AW65: C | BB65: =COUNTIF($J$8:$J$67, "c")+COUNTIF($X$8:$X$67, "c") -> 0
A66: 59 | P66: 59 | AK66: 아고다 | AM66: =COUNTIF($R$8:$R$73, $AK66) -> 0 | AN66: =SUMIF($R$8:$R$73, $AK66, $Z$8:$Z$73)+SUMIF($R$8:$R$73, $AK66, $AB$8:$AB$73)+SUMIF($R$8:$R$73, $AK66, $AA$8:$AA$73)+SUMIF($R$8:$R$73, $AK66, $AE$8:$AE$73) -> 0 | AO66: =AN66*0.9 -> 0 | AP66: =COUNTIF($C$8:$C$73, $AK66) -> 2 | AQ66: =SUMIF($C$8:$C$72, $AK66, $L$8:$L$72)+SUMIF($C$8:$C$72, $AK66, $M$8:$M$72)+SUMIF($C$8:$C$72, $AK66, $N$8:$N$72)+SUMIF($C$8:$C$72, $AK66, $O$8:$O$72) -> 145500 | AR66: =AQ66*0.9 -> 130950 | AS66: =SUM(AN66+AQ66) -> 145500 | AT66: =AO66+AR66 -> 130950
A67: 60 | P67: 60 | AK67: 익스피디아 | AM67: =COUNTIF($R$8:$R$73, $AK67) -> 0 | AN67: =SUMIF($R$8:$R$73, $AK67, $Z$8:$Z$73)+SUMIF($R$8:$R$73, $AK67, $AB$8:$AB$73)+SUMIF($R$8:$R$73, $AK67, $AA$8:$AA$73)+SUMIF($R$8:$R$73, $AK67, $AE$8:$AE$73) -> 0 | AO67: =AN67*0.9 -> 0 | AP67: =COUNTIF($C$8:$C$73, $AK67) -> 1 | AQ67: =SUMIF($C$8:$C$72, $AK67, $L$8:$L$72)+SUMIF($C$8:$C$72, $AK67, $M$8:$M$72)+SUMIF($C$8:$C$72, $AK67, $N$8:$N$72)+SUMIF($C$8:$C$72, $AK67, $O$8:$O$72) -> 0 | AR67: =AQ67*0.9 -> 0 | AS67: =SUM(AN67+AQ67) -> 0 | AT67: =AO67+AR67 -> 0 | AZ67: 대실 | BC67: 숙박
A68: 추가요금 | C68: 9/10 1115호 | D68: 김건일 | E68: 1h연장 | I68: 12:00 | M68: 20000 | P68: 추가요금 | AK68: 트립 | AM68: =COUNTIF($R$8:$R$73, $AK68) -> 0 | AN68: =SUMIF($R$8:$R$73, $AK68, $Z$8:$Z$73)+SUMIF($R$8:$R$73, $AK68, $AB$8:$AB$73)+SUMIF($R$8:$R$73, $AK68, $AA$8:$AA$73)+SUMIF($R$8:$R$73, $AK68, $AE$8:$AE$73) -> 0 | AO68: =AN68*0.9 -> 0 | AP68: =COUNTIF($C$8:$C$73, $AK68) -> 0 | AQ68: =SUMIF($C$8:$C$72, $AK68, $L$8:$L$72)+SUMIF($C$8:$C$72, $AK68, $M$8:$M$72)+SUMIF($C$8:$C$72, $AK68, $N$8:$N$72)+SUMIF($C$8:$C$72, $AK68, $O$8:$O$72) -> 0 | AR68: =AQ68*0.9 -> 0 | AS68: =SUM(AN68+AQ68) -> 0 | AT68: =AO68+AR68 -> 0 | AZ68: =SUM(AN58+AN73) -> 0 | BC68: =AQ58+AQ73 -> 1645500
AK69: 호텔나우 | AM69: =COUNTIF($R$8:$R$73, $AK69) -> 0 | AN69: =SUMIF($R$8:$R$73, $AK69, $Z$8:$Z$73)+SUMIF($R$8:$R$73, $AK69, $AB$8:$AB$73)+SUMIF($R$8:$R$73, $AK69, $AA$8:$AA$73)+SUMIF($R$8:$R$73, $AK69, $AE$8:$AE$73) -> 0 | AO69: =AN69*0.9 -> 0 | AP69: =COUNTIF($C$8:$C$73, $AK69) -> 0 | AQ69: =SUMIF($C$8:$C$72, $AK69, $L$8:$L$72)+SUMIF($C$8:$C$72, $AK69, $M$8:$M$72)+SUMIF($C$8:$C$72, $AK69, $N$8:$N$72)+SUMIF($C$8:$C$72, $AK69, $O$8:$O$72) -> 0 | AR69: =AQ69*0.9 -> 0 | AS69: =SUM(AN69+AQ69) -> 0 | AT69: =AO69+AR69 -> 0
AK70: 호텔타임 | AM70: =COUNTIF($R$8:$R$73, $AK70) -> 0 | AN70: =SUMIF($R$8:$R$73, $AK70, $Z$8:$Z$73)+SUMIF($R$8:$R$73, $AK70, $AB$8:$AB$73)+SUMIF($R$8:$R$73, $AK70, $AA$8:$AA$73)+SUMIF($R$8:$R$73, $AK70, $AE$8:$AE$73) -> 0 | AO70: =AN70*0.9 -> 0 | AP70: =COUNTIF($C$8:$C$73, $AK70) -> 0 | AQ70: =SUMIF($C$8:$C$72, $AK70, $L$8:$L$72)+SUMIF($C$8:$C$72, $AK70, $M$8:$M$72)+SUMIF($C$8:$C$72, $AK70, $N$8:$N$72)+SUMIF($C$8:$C$72, $AK70, $O$8:$O$72) -> 0 | AR70: =AQ70*0.9 -> 0 | AS70: =SUM(AN70+AQ70) -> 0 | AT70: =AO70+AR70 -> 0
AU71: 식음료/어메니티 총매출 | AZ71: =SUM(BC55) -> 6000
AM72: =COUNTIF($R$8:$R$73, $AK72) -> 0 | AN72: =SUMIF($R$8:$R$73, $AK72, $Z$8:$Z$73)+SUMIF($R$8:$R$73, $AK72, $AB$8:$AB$73)+SUMIF($R$8:$R$73, $AK72, $AA$8:$AA$73)+SUMIF($R$8:$R$73, $AK72, $AE$8:$AE$73) -> 0 | AP72: =COUNTIF($C$8:$C$73, $AK72) -> 0 | AQ72: =SUMIF($C$8:$C$72, $AK72, $L$8:$L$72)+SUMIF($C$8:$C$72, $AK72, $M$8:$M$72)+SUMIF($C$8:$C$72, $AK72, $N$8:$N$72)+SUMIF($C$8:$C$72, $AK72, $O$8:$O$72) -> 0 | AS72: =SUM(AN72+AQ72) -> 0 | AT72: =AO72+AR72 -> 0 | AU72: 총매출 | AZ72: =BD16 -> 1736500
AI73: 소계 | AM73: =SUM(AM60:AM72) -> 0 | AN73: =SUM(AN60:AN72) -> 0 | AO73: =SUM(AO60:AO72) -> 0 | AP73: =SUM(AP60:AP72) -> 24 | AQ73: =SUM(AQ60:AQ72) -> 1570500 | AR73: =SUM(AR60:AR72) -> 1413450 | AS73: =SUM(AS60:AS72) -> 1570500 | AT73: =SUM(AT60:AT72) -> 1413450 | AU73: 순매출 | AZ73: =AS58+AT73 -> 1488450

Sheet 10
A1: 객실판매일보 | P1: 근무자 | S1: 이정경 주간/양동건 대체/황경현 팀장 | Z1: 날짜 | AA1: 45910 | AI1: 일일영업현황보고서
A2: 일매출 | C2: =AZ72 -> 919472 | G2: 대실 | H2: =COUNTA($Z$8:$AE$67) -> 0 | M2: 숙박 | N2: =COUNTA($L$8:$O$67) -> 15 | Z2: 현금 시재 | AA2: 시작 | AB2: 309500 | AI2: 보고기준일 | AL2: ='10'!AA1 -> 45910 | AP2: 보고일자 | AS2: =AA1+1 -> 45911 | AZ2: 작성자 | BA2: =S1 -> 이정경 주간/양동건 대체/황경현 팀장
H3: =SUM(Z8:AE76)+AZ21 -> 0 | N3: =SUM(L8:O76)+AZ20 -> 919472 | AA3: 마감 | AB3: 313500
A4: 숙 박 | N4: =SUM(COUNTIF(B8:B67,{301,302,303,305,306,307,308,309,501,502,503,505,701,702,703,705,706,707,708,709})) -> 5 | O4: =SUM(COUNTIF(B8:B67,{201,202,203,205,206,207,208,209,506,507,508,509,601,602,603,605,606,607,608,609})) -> 2 | P4: 대 실 | AF4: =SUM(COUNTIF(S8:S67,{301,302,303,305,306,307,308,309,501,502,503,505,701,702,703,705,706,707,708,709})) -> 0 | AG4: =SUM(COUNTIF(S8:S67,{201,202,203,205,206,207,208,209,506,507,508,509,601,602,603,605,606,607,608,609})) -> 0
A5: 타입 | C5: C | D5: B | E5: AT | F5: AD | G5: SD | H5: ST | I5: V | J5: 특 | N5: 남은 객실 | P5: 매출보고 | R5: 현금 | S5: 계좌 | T5: 카드 | U5: 야놀자 | W5: 여기어때 | Y5: 네이버 | AA5: 부킹 | AB5: 아고다 | AC5: 익스피디아 | AD5: 트립 | AE5: 에어 | AF5: 호텔나우 | AG5: 호텔타임
A6: 잔여수량 | C6: =AL31 -> 3 | D6: =AN31 -> 1 | E6: =AP31 -> 7 | F6: =AR31 -> 2 | G6: =AS31 -> 10 | H6: =AU31 -> 5 | I6: =AW31 -> 1 | J6: =AX31 -> 0 | N6: =C6+D6+E6+F6+G6+H6+I6+J6+K6 -> 29 | P6: =C2 -> 919472 | R6: =AN14+AN15 -> 4000 | S6: =AZ14+AZ15 -> 0 | T6: =AR14+AR15 -> 77000 | U6: =AS60 -> 175000 | W6: =AS61 -> 160000 | Y6: =AS62 -> 0 | AA6: =AS63 -> 0 | AB6: =AS66 -> 66300 | AC6: =AS67 -> 145572 | AD6: =SUMIFS(O7:O47,C7:C47,"트립") -> 115600 | AE6: =AS65 -> 0 | AF6: =AS69 -> 176000 | AG6: =AS70 -> 0
A7: 번호 | B7: 호실 | C7: 채널명 | D7: 고객명 | E7: 비고 | F7: 타입 | G7: 기간 | H7: 체크인 | I7: 체크아웃 | J7: 작성자 | K7: 비품 | L7: 현금 | M7: 카드 | N7: 계좌이체 | O7: 온라인 | P7: 번호 | Q7: 호실 | R7: 채널명 | S7: 고객명 | T7: 비고 | U7: 타입 | V7: 체크인 | W7: 체크아웃 | X7: 작성자 | Y7: 비품 | Z7: 현금 | AA7: 카드 | AB7: 계좌이체 | AE7: 온라인
A8: 1 | B8: 1110 | C8: 트립 | D8: 김경준 | F8: V | G8: 1 | H8: 15:00 | I8: 11:00 | J8: 김 | K8: 1 | O8: 115600 | P8: 1 | AI8: 총 매 출 | AK8: 구분 | AL8: 현금 | AP8: 카드 | AT8: 온라인 | AX8: 계좌이체 | BB8: 소계
A9: 2 | B9: 501 | C9: 익스피디아 | D9: JING WANG | F9: V | G9: 1/2 | H9: 15:00 | I9: 11:00 | J9: 이 | O9: 145572 | P9: 2 | AL9: 건수 | AN9: 금액 | AP9: 건수 | AR9: 금액 | AT9: 건수 | AV9: 금액 | AX9: 건수 | AZ9: 금액 | BB9: 건수 | BD9: 금액
A10: 3 | B10: 701 | C10: 호텔나우 | D10: 이원희 | F10: V | G10: 1/2 | H10: 15:00 | I10: 11:00 | J10: 이 | O10: 176000 | P10: 3 | AK10: 숙박 | AL10: =COUNTA($L$8:$L$67) -> 0 | AN10: =SUM(L8:L67) -> 0 | AP10: =COUNT(M8:M67) -> 1 | AR10: =SUM(M8:M67) -> 65000 | AT10: =COUNTA($O$8:$O$67) -> 14 | AV10: =SUM(O8:O67) -> 772172 | AX10: =COUNTA($N$8:$N$67) -> 0 | AZ10: =SUM(N8:N67) -> 0 | BB10: =SUM(AL10+AP10+AT10+AX10) -> 15 | BD10: =SUM(AN10+AR10+AV10+AZ10) -> 837172
A11: 4 | B11: 1114 | C11: 야놀자 | D11: 류민철 | E11: 특가(랜덤) | F11: AT | G11: 1 | H11: 15:00 | I11: 11:00 | J11: 황 | O11: 60000 | P11: 4 | AK11: 대실 | AL11: =COUNTA($Z$8:$Z$67) -> 0 | AN11: =SUM(Z8:Z67) -> 0 | AP11: =COUNTA($AA$8:$AA$67) -> 0 | AR11: =SUM(AA8:AA67) -> 0 | AT11: =COUNTA($AE$8:$AE$67) -> 0 | AV11: =SUM(AE8:AE67) -> 0 | AX11: =COUNTA($AB$8:$AB$68) -> 0 | AZ11: =SUM(AB8:AB67) -> 0 | BB11: =SUM(AL11+AP11+AT11+AX11) -> 0 | BD11: =SUM(AN11+AR11+AV11+AZ11) -> 0
A12: 5 | B12: 911 | C12: 여기어때 | D12: 장준식 | E12: 특가(랜덤) | F12: B | G12: 1 | H12: 15:00 | I12: 11:00 | J12: 양 | O12: 60000 | P12: 5 | AK12: 추가숙박 | AL12: =COUNTA($L$68:$L$76) -> 0 | AN12: =SUM(L68:L76) -> 0 | AP12: =COUNTA($M$68:$M$76) -> 1 | AR12: =SUM(M68:M76) -> 10000 | AT12: =COUNTA($O$68:$O$76) -> 1 | AV12: =SUM(O68:O76) -> 66300 | AX12: =COUNTA($N$68:$N$76) -> 0 | AZ12: =SUM(N68:N76) -> 0 | BB12: =SUM(AL12+AP12+AT12+AX12) -> 2 | BD12: =SUM(AN12+AR12+AV12+AZ12) -> 76300
A13: 6 | B13: 309 | C13: 전화예약 | D13: 김시은 | E13: 1박연장 | F13: C | G13: 1 | H13: 15:00 | I13: 11:00 | J13: 이 | M13: 65000 | P13: 6 | AK13: 추가대실 | AL13: =COUNTA($Z$68:$Z$76) -> 0 | AN13: =SUM(Z68:Z76) -> 0 | AP13: =COUNTA($AA$68:$AA$76) -> 0 | AR13: =SUM(AA68:AA76) -> 0 | AT13: =COUNTA($AE$68:$AE$76) -> 0 | AV13: =SUM(AE68:AE76) -> 0 | AX13: =COUNTA($AB$68:$AB$76) -> 0 | AZ13: =SUM(AB68:AB76) -> 0 | BB13: =SUM(AL13+AP13+AT13+AX13) -> 0 | BD13: =SUM(AN13+AR13+AV13+AZ13) -> 0
A14: 7 | B14: 1111 | C14: 야놀자 | D14: 김성민 | F14: B | G14: 1 | H14: 15:00 | I14: 11:00 | J14: 이 | K14: 1 | O14: 65000 | P14: 7 | AK14: 소계 | AL14: =SUM(AL10:AM11) -> 0 | AN14: =SUM(AN10:AO13) -> 0 | AP14: =SUM(AP10:AQ11) -> 1 | AR14: =SUM(AR10:AS13) -> 75000 | AT14: =SUM(AT10:AU11) -> 14 | AV14: =SUM(AV10:AW13) -> 838472 | AX14: =SUM(AX10:AY11) -> 0 | AZ14: =SUM(AZ10:BA13) -> 0 | BB14: =SUM(AL14+AP14+AT14+AX14) -> 15 | BD14: =SUM(BD10:BE13) -> 913472
A15: 8 | B15: 1115 | C15: 여기어때 | D15: 손정현 | E15: 특가(랜덤) | F15: AT | G15: 1 | H15: 15:00 | I15: 11:00 | J15: 이 | O15: 50000 | P15: 8 | AK15: 어메니티 | AL15: =AL24 -> 2 | AN15: =AN24 -> 4000 | AP15: =AP24 -> 1 | AR15: =AR24 -> 2000 | AX15: =AT24 -> 0 | AZ15: =AV24 -> 0 | BB15: =AX24 -> 3 | BD15: =SUM(AN15+AR15+AV15+AZ15) -> 6000
A16: 9 | B16: 715 | C16: 야놀자 | D16: 윤세정 | E16: 특가(랜덤) | F16: AT | G16: 1 | H16: 15:00 | I16: 11:00 | J16: 양 | K16: 2 | O16: 50000 | P16: 9 | BB16: 총합계 | BD16: =BD14+BD15 -> 919472
A17: 10 | B17: 609 | C17: 여기어때 | D17: 윤상일 | E17: 특가(랜덤) | F17: SD | G17: 1 | H17: 15:00 | I17: 11:00 | J17: 양 | O17: 50000 | P17: 10
A18: 11 | P18: 11 | AI18: 어메니티 판매현황 | AK18: 구분 | AL18: 현금 (1) | AP18: 카드 (2) | AT18: 계좌이체 (3) | AX18: 소계
A19: 12 | P19: 12 | AL19: 건수 | AN19: 금액 | AP19: 건수 | AR19: 금액 | AT19: 건수 | AV19: 금액 | AX19: 건수 | AZ19: 금액
A20: 13 | P20: 13 | AK20: 숙박 | AL20: =COUNTIF(K7:K67,1) -> 2 | AN20: =AL20*2000 -> 4000 | AP20: =COUNTIF(K7:K67,2) -> 1 | AR20: =AP20*2000 -> 2000 | AT20: =COUNTIF(K8:K67,3) -> 0 | AV20: =AT20*2000 -> 0 | AX20: =SUM(AL20+AP20+AT20) -> 3 | AZ20: =SUM(AJ20+AN20+AR20+AV20) -> 6000
A21: 14 | P21: 14 | AK21: 대실 | AL21: =COUNTIF(Y7:Y67,1) -> 0 | AN21: =AL21*2000 -> 0 | AP21: =COUNTIF(Y7:Y67,2) -> 0 | AR21: =AP21*2000 -> 0 | AT21: =COUNTIF(Y8:Y67,3) -> 0 | AV21: =AT21*2000 -> 0 | AX21: =SUM(AL21+AP21+AT21) -> 0 | AZ21: =SUM(AJ21+AN21+AR21+AV21) -> 0
A22: 15 | P22: 15 | AK22: 추가 | AX22: =SUM(AL22+AP22+AT22) -> 0 | AZ22: =SUM(AJ22+AN22+AR22+AV22) -> 0
A23: 16 | P23: 16 | AX23: =SUM(AH23+AL23+AP23+AT23) -> 0 | AZ23: =SUM(AJ23+AN23+AR23+AV23) -> 0
A24: 17 | P24: 17 | AK24: 소계 | AL24: =SUM(AL20:AM23) -> 2 | AN24: =SUM(AN20:AO23) -> 4000 | AP24: =SUM(AP20:AQ23) -> 1 | AR24: =SUM(AR20:AS23) -> 2000 | AT24: =SUM(AT20:AU23) -> 0 | AV24: =SUM(AV20:AW23) -> 0 | AX24: =SUM(AH24+AL24+AP24+AT24) -> 3 | AZ24: =SUM(AZ20:BA23) -> 6000
A25: 18 | P25: 18
A26: 19 | P26: 19
A27: 20 | P27: 20 | AJ27: 객실 타입 별 예약 현황
A28: 21 | P28: 21 | AJ28: 타입 | AL28: C | AN28: B | AP28: AT | AR28: AD | AS28: SD | AU28: ST | AW28: V | AX28: 특
A29: 22 | P29: 22 | AJ29: 기준수량 | AL29: 6 | AN29: 4 | AP29: 10 | AR29: 2 | AS29: 11 | AU29: 5 | AW29: 5 | AX29: 0 | AZ29: 0
A30: 23 | P30: 23 | AJ30: 예약수량 | AL30: =COUNTIF(F8:F67,"c") -> 3 | AN30: =COUNTIF(F8:F67,"b") -> 3 | AP30: =COUNTIF(F8:F67,"at") -> 3 | AR30: =COUNTIF(F8:F67,"aD") -> 0 | AS30: =COUNTIF(F8:F67,"sd") -> 1 | AU30: =COUNTIF(F8:F67,"st") -> 0 | AW30: =COUNTIF(F8:F67,"v") -> 4 | AX30: =COUNTIF(F8:F67,"PA") -> 0 | AZ30: =COUNTIF(F8:F67,"특") -> 0
A31: 24 | P31: 24 | AJ31: 잔여수량 | AL31: =AL29-AL30 -> 3 | AN31: =AN29-AN30 -> 1 | AP31: =AP29-AP30 -> 7 | AR31: =AR29-AR30 -> 2 | AS31: =AS29-AS30 -> 10 | AU31: =AU29-AU30 -> 5 | AW31: =AW29-AW30 -> 1 | AX31: =AX29-AX30 -> 0 | AZ31: =AZ29-AZ30 -> 0
A32: 25 | P32: 25 | AK32: `
A33: 26 | P33: 26
A34: 27 | P34: 27
A35: 28 | P35: 28
A36: 29 | P36: 29
A37: 30 | P37: 30
A38: 31 | P38: 31
A39: 32 | P39: 32
A40: 33 | P40: 33
A41: 34 | P41: 34
A42: 35 | P42: 35
A43: 36 | B43: 506 | C43: 야놀자 | D43: 이인석 | F43: C | G43: 2/2 | H43: 15:00 | I43: 11:00 | J43: 김 | O43: 0 | P43: 36
A44: 37 | B44: 305 | C44: 에어 | D44: Antoine/ | E44: Arfaoui | F44: C | G44: 5/5 | H44: 15:00 | I44: 11:00 | J44: 이 | O44: 0 | P44: 37
A45: 38 | B45: 1112 | C45: 익스피디아 | D45: 김영화 | F45: B | G45: 3/3 | H45: 15:00 | I45: 11:00 | J45: 이 | O45: 0 | P45: 38
A46: 39 | B46: 308 | C46: 여기어때 | D46: 이성빈 | E46: 특가(랜덤) | G46: 4/4 | H46: 15:00 | I46: 11:00 | J46: 이 | O46: 0 | P46: 39
A47: 40 | B47: 1210 | C47: 야놀자 | D47: 엄태영 | F47: V | G47: 2/3 | H47: 15:00 | I47: 11:00 | J47: 황 | O47: 0 | P47: 40
A48: 41 | P48: 41
A49: 42 | P49: 42
A50: 43 | P50: 43 | AI50: 2. 영업분석표
A51: 44 | P51: 44 | AI51: 구분 | AK51: 상세 | AM51: 대실 | AP51: 숙박 | AS51: 총 합계 | AU51: 구분 | AW51: 식 / 음료 | BC51: 총 합계
A52: 45 | P52: 45 | AK52: 건 | AM52: 건 | AN52: 금액 | AP52: 건 | AQ52: 금액 | AW52: 품목 | BA52: 건
A53: 46 | P53: 46 | AI53: 오프라인 | AK53: 워크인 | AM53: =COUNTIF($R$8:$R$67, "워크인") -> 0 | AN53: =SUMIF($R$8:$R$73, "워크인", $AE$8:$AE$73)+SUMIF($R$8:$R$73, "워크인", $AB$8:$AB$73)+SUMIF($R$8:$R$73, "워크인", $AA$8:$AA$73)+SUMIF($R$8:$R$73, "워크인", $Z$8:$Z$73) -> 0 | AP53: =COUNTIF($C$8:$C$67, "워크인") -> 0 | AQ53: =SUMIF($C$8:$C$72, "워크인", $L$8:$L$72)+SUMIF($C$8:$C$72, "워크인", $M$8:$M$72)+SUMIF($C$8:$C$72, "워크인", $N$8:$N$72)+SUMIF($C$8:$C$72, "워크인", $O$8:$O$72) -> 0 | AS53: =SUM(AN53+AQ53) -> 0 | AU53: 식음료 | AW53: 맥주
A54: 47 | P54: 47 | AK54: 무료 | AM54: =COUNTIF($R$8:$R$73, "무료") -> 0 | AN54: =SUMIF($R$8:$R$73, "무료", $AE$8:$AE$73)+SUMIF($R$8:$R$73, "무료", $AB$8:$AB$73)+SUMIF($R$8:$R$73, "무료", $AA$8:$AA$73)+SUMIF($R$8:$R$73, "무료", $Z$8:$Z$73) -> 0 | AP54: =COUNTIF($C$8:$C$76, "무료") -> 0 | AQ54: =SUMIF($C$8:$C$72, "무료", $L$8:$L$72)+SUMIF($C$8:$C$72, "무료", $M$8:$M$72)+SUMIF($C$8:$C$72, "무료", $N$8:$N$72)+SUMIF($C$8:$C$72, "무료", $O$8:$O$72) -> 0 | AS54: =SUM(AN54+AQ54) -> 0 | AW54: 어메니티 | BA54: =AX24 -> 3 | BC54: =AZ24 -> 6000
A55: 48 | P55: 48 | AK55: 계좌 | AM55: =COUNTIF($R$8:$R$73, "계좌") -> 0 | AN55: =SUMIF($R$8:$R$73, "계좌", $AE$8:$AE$73)+SUMIF($R$8:$R$73, "계좌", $AB$8:$AB$73)+SUMIF($R$8:$R$73, "계좌", $AA$8:$AA$73)+SUMIF($R$8:$R$73, "계좌", $Z$8:$Z$73) -> 0 | AP55: =COUNTIF($C$8:$C$76, "계좌") -> 0 | AQ55: =SUMIF($C$8:$C$72, "계좌", $L$8:$L$72)+SUMIF($C$8:$C$72, "계좌", $M$8:$M$72)+SUMIF($C$8:$C$72, "계좌", $N$8:$N$72)+SUMIF($C$8:$C$72, "계좌", $O$8:$O$72) -> 0 | AS55: =SUM(AN55+AQ55) -> 0 | AW55: 합계 | BA55: =SUM(BA53:BB54) -> 3 | BC55: =SUM(BC53:BE54) -> 6000
A56: 49 | P56: 49 | AI56: 그외 | AM56: =COUNTIF($R$8:$R$73, "부킹닷컴") -> 0 | AN56: =SUMIF($R$8:$R$73, "부킹닷컴", $AE$8:$AE$73)+SUMIF($R$8:$R$73, "부킹닷컴", $AB$8:$AB$73)+SUMIF($R$8:$R$73, "부킹닷컴", $AA$8:$AA$73)+SUMIF($R$8:$R$73, "부킹닷컴", $Z$8:$Z$73) -> 0 | AP56: =COUNTIF($C$8:$C$76, "부킹닷컴") -> 0 | AQ56: =SUMIF($C$8:$C$72, "부킹닷컴", $L$8:$L$72)+SUMIF($C$8:$C$72, "부킹닷컴", $M$8:$M$72)+SUMIF($C$8:$C$72, "부킹닷컴", $N$8:$N$72)+SUMIF($C$8:$C$72, "부킹닷컴", $O$8:$O$72) -> 0 | AS56: =SUM(AN56+AQ56) -> 0
A57: 50 | P57: 50 | AK57: 추가 | AN57: =SUMIF($R$68:$R$72, "추가", $AA$68:$AA$72)+SUMIF($R$68:$R$72, "추가", $Z$68:$Z$72) -> 0 | AQ57: =SUMIF($C$68:$C$72, "추가", $L$68:$L$72)+SUMIF($C$68:$C$72, "추가", $M$68:$M$72)+SUMIF($C$68:$C$72, "추가", $N$68:$N$72)+SUMIF($C$68:$C$72, "추가", $O$68:$O$72) -> 0 | AS57: =SUM(AN57+AQ57) -> 0
A58: 51 | P58: 51 | AI58: 소계 | AM58: =SUM(AM53:AM56) -> 0 | AN58: =SUM(AN53:AO57) -> 0 | AP58: =SUM(AP53:AP57) -> 0 | AQ58: =SUM(AQ53:AR57) -> 0 | AS58: =SUM(AS53:AT57) -> 0
A59: 52 | P59: 52 | AI59: 온라인 | AK59: 채널명 | AM59: 건수 | AN59: 판매가 | AO59: 입금가 | AP59: 건수 | AQ59: 판매가 | AR59: 입금가 | AS59: 판매합계 | AT59: 입금합계 | AU59: 고객연령 | AW59: 20 | BB59: =COUNTIF($K$8:$K$67, "20")+COUNTIF($Y$8:$Y$67, "20") -> 0
A60: 53 | P60: 53 | AK60: 야놀자 | AM60: =COUNTIF($R$8:$R$73, $AK60) -> 0 | AN60: =SUMIF($R$8:$R$73, $AK60, $Z$8:$Z$73)+SUMIF($R$8:$R$73, $AK60, $AB$8:$AB$73)+SUMIF($R$8:$R$73, $AK60, $AA$8:$AA$73)+SUMIF($R$8:$R$73, $AK60, $AE$8:$AE$73) -> 0 | AO60: =AN60*0.9 -> 0 | AP60: =COUNTIF($C$8:$C$73, $AK60) -> 5 | AQ60: =SUMIF($C$8:$C$72, $AK60, $L$8:$L$72)+SUMIF($C$8:$C$72, $AK60, $M$8:$M$72)+SUMIF($C$8:$C$72, $AK60, $N$8:$N$72)+SUMIF($C$8:$C$72, $AK60, $O$8:$O$72) -> 175000 | AR60: =AQ60*0.9 -> 157500 | AS60: =SUM(AN60+AQ60) -> 175000 | AT60: =AO60+AR60 -> 157500 | AW60: 30 | BB60: =COUNTIF($K$8:$K$67, "30")+COUNTIF($Y$8:$Y$67, "30") -> 0
A61: 54 | P61: 54 | AK61: 여기어때 | AM61: =COUNTIF($R$8:$R$73, $AK61) -> 0 | AN61: =SUMIF($R$8:$R$73, $AK61, $Z$8:$Z$73)+SUMIF($R$8:$R$73, $AK61, $AB$8:$AB$73)+SUMIF($R$8:$R$73, $AK61, $AA$8:$AA$73)+SUMIF($R$8:$R$73, $AK61, $AE$8:$AE$73) -> 0 | AO61: =AN61*0.9 -> 0 | AP61: =COUNTIF($C$8:$C$73, $AK61) -> 4 | AQ61: =SUMIF($C$8:$C$72, $AK61, $L$8:$L$72)+SUMIF($C$8:$C$72, $AK61, $M$8:$M$72)+SUMIF($C$8:$C$72, $AK61, $N$8:$N$72)+SUMIF($C$8:$C$72, $AK61, $O$8:$O$72) -> 160000 | AR61: =AQ61*0.9 -> 144000 | AS61: =SUM(AN61+AQ61) -> 160000 | AT61: =AO61+AR61 -> 144000 | AW61: 40 | BB61: =COUNTIF($K$8:$K$67, "40")+COUNTIF($Y$8:$Y$67, "40") -> 0
A62: 55 | P62: 55 | AK62: 네이버 | AM62: =COUNTIF($R$8:$R$73, $AK62) -> 0 | AN62: =SUMIF($R$8:$R$73, $AK62, $Z$8:$Z$73)+SUMIF($R$8:$R$73, $AK62, $AB$8:$AB$73)+SUMIF($R$8:$R$73, $AK62, $AA$8:$AA$73)+SUMIF($R$8:$R$73, $AK62, $AE$8:$AE$73) -> 0 | AO62: =AN62*0.9 -> 0 | AP62: =COUNTIF($C$8:$C$73, $AK62) -> 0 | AQ62: =SUMIF($C$8:$C$72, $AK62, $L$8:$L$72)+SUMIF($C$8:$C$72, $AK62, $M$8:$M$72)+SUMIF($C$8:$C$72, $AK62, $N$8:$N$72)+SUMIF($C$8:$C$72, $AK62, $O$8:$O$72) -> 0 | AR62: =AQ62*0.9 -> 0 | AS62: =SUM(AN62+AQ62) -> 0 | AT62: =AO62+AR62 -> 0 | AW62: 50 | BB62: =COUNTIF($K$8:$K$67, "50")+COUNTIF($Y$8:$Y$67, "50") -> 0
A63: 56 | P63: 56 | AK63: 부킹 | AM63: =COUNTIF($R$8:$R$73, $AK63) -> 0 | AN63: =SUMIF($R$8:$R$73, $AK63, $Z$8:$Z$73)+SUMIF($R$8:$R$73, $AK63, $AB$8:$AB$73)+SUMIF($R$8:$R$73, $AK63, $AA$8:$AA$73)+SUMIF($R$8:$R$73, $AK63, $AE$8:$AE$73) -> 0 | AO63: =AN63*0.9 -> 0 | AP63: =COUNTIF($C$8:$C$73, $AK63) -> 0 | AQ63: =SUMIF($C$8:$C$72, $AK63, $L$8:$L$72)+SUMIF($C$8:$C$72, $AK63, $M$8:$M$72)+SUMIF($C$8:$C$72, $AK63, $N$8:$N$72)+SUMIF($C$8:$C$72, $AK63, $O$8:$O$72) -> 0 | AR63: =AQ63*0.9 -> 0 | AS63: =SUM(AN63+AQ63) -> 0 | AT63: =AO63+AR63 -> 0 | AW63: 60 | BB63: =COUNTIF($K$8:$K$67, "60")+COUNTIF($Y$8:$Y$67, "60") -> 0
A64: 57 | P64: 57 | AK64: 꿀스 | AM64: =COUNTIF($R$8:$R$73, $AK64) -> 0 | AN64: =SUMIF($R$8:$R$73, $AK64, $Z$8:$Z$73)+SUMIF($R$8:$R$73, $AK64, $AB$8:$AB$73)+SUMIF($R$8:$R$73, $AK64, $AA$8:$AA$73)+SUMIF($R$8:$R$73, $AK64, $AE$8:$AE$73) -> 0 | AO64: =AN64*0.9 -> 0 | AP64: =COUNTIF($C$8:$C$73, $AK64) -> 0 | AQ64: =SUMIF($C$8:$C$72, $AK64, $L$8:$L$72)+SUMIF($C$8:$C$72, $AK64, $M$8:$M$72)+SUMIF($C$8:$C$72, $AK64, $N$8:$N$72)+SUMIF($C$8:$C$72, $AK64, $O$8:$O$72) -> 0 | AR64: =AQ64*0.9 -> 0 | AS64: =SUM(AN64+AQ64) -> 0 | AT64: =AO64+AR64 -> 0 | AU64: 방문유형 | AW64: W | BB64: =COUNTIF($J$8:$J$67, "w")+COUNTIF($X$8:$X$67, "w") -> 0
A65: 58 | P65: 58 | AK65: 에어 | AM65: =COUNTIF($R$8:$R$73, $AK65) -> 0 | AN65: =SUMIF($R$8:$R$73, $AK65, $Z$8:$Z$73)+SUMIF($R$8:$R$73, $AK65, $AB$8:$AB$73)+SUMIF($R$8:$R$73, $AK65, $AA$8:$AA$73)+SUMIF($R$8:$R$73, $AK65, $AE$8:$AE$73) -> 0 | AO65: =AN65*0.9 -> 0 | AP65: =COUNTIF($C$8:$C$73, $AK65) -> 1 | AQ65: =SUMIF($C$8:$C$72, $AK65, $L$8:$L$72)+SUMIF($C$8:$C$72, $AK65, $M$8:$M$72)+SUMIF($C$8:$C$72, $AK65, $N$8:$N$72)+SUMIF($C$8:$C$72, $AK65, $O$8:$O$72) -> 0 | AR65: =AQ65*0.9 -> 0 | AS65: =SUM(AN65+AQ65) -> 0 | AT65: =AO65+AR65 -> 0 | AW65: C | BB65: =COUNTIF($J$8:$J$67, "c")+COUNTIF($X$8:$X$67, "c") -> 0
A66: 59 | P66: 59 | AK66: 아고다 | AM66: =COUNTIF($R$8:$R$73, $AK66) -> 0 | AN66: =SUMIF($R$8:$R$73, $AK66, $Z$8:$Z$73)+SUMIF($R$8:$R$73, $AK66, $AB$8:$AB$73)+SUMIF($R$8:$R$73, $AK66, $AA$8:$AA$73)+SUMIF($R$8:$R$73, $AK66, $AE$8:$AE$73) -> 0 | AO66: =AN66*0.9 -> 0 | AP66: =COUNTIF($C$8:$C$73, $AK66) -> 1 | AQ66: =SUMIF($C$8:$C$72, $AK66, $L$8:$L$72)+SUMIF($C$8:$C$72, $AK66, $M$8:$M$72)+SUMIF($C$8:$C$72, $AK66, $N$8:$N$72)+SUMIF($C$8:$C$72, $AK66, $O$8:$O$72) -> 66300 | AR66: =AQ66*0.9 -> 59670 | AS66: =SUM(AN66+AQ66) -> 66300 | AT66: =AO66+AR66 -> 59670
A67: 60 | P67: 60 | AK67: 익스피디아 | AM67: =COUNTIF($R$8:$R$73, $AK67) -> 0 | AN67: =SUMIF($R$8:$R$73, $AK67, $Z$8:$Z$73)+SUMIF($R$8:$R$73, $AK67, $AB$8:$AB$73)+SUMIF($R$8:$R$73, $AK67, $AA$8:$AA$73)+SUMIF($R$8:$R$73, $AK67, $AE$8:$AE$73) -> 0 | AO67: =AN67*0.9 -> 0 | AP67: =COUNTIF($C$8:$C$73, $AK67) -> 2 | AQ67: =SUMIF($C$8:$C$72, $AK67, $L$8:$L$72)+SUMIF($C$8:$C$72, $AK67, $M$8:$M$72)+SUMIF($C$8:$C$72, $AK67, $N$8:$N$72)+SUMIF($C$8:$C$72, $AK67, $O$8:$O$72) -> 145572 | AR67: =AQ67*0.9 -> 131014.8 | AS67: =SUM(AN67+AQ67) -> 145572 | AT67: =AO67+AR67 -> 131014.8 | AZ67: 대실 | BC67: 숙박
A68: 추가요금 | C68: 업그레이드 | D68: JING WANG | E68: 45912 | M68: 10000 | P68: 추가요금 | AK68: 트립 | AM68: =COUNTIF($R$8:$R$73, $AK68) -> 0 | AN68: =SUMIF($R$8:$R$73, $AK68, $Z$8:$Z$73)+SUMIF($R$8:$R$73, $AK68, $AB$8:$AB$73)+SUMIF($R$8:$R$73, $AK68, $AA$8:$AA$73)+SUMIF($R$8:$R$73, $AK68, $AE$8:$AE$73) -> 0 | AO68: =AN68*0.9 -> 0 | AP68: =COUNTIF($C$8:$C$73, $AK68) -> 1 | AQ68: =SUMIF($C$8:$C$72, $AK68, $L$8:$L$72)+SUMIF($C$8:$C$72, $AK68, $M$8:$M$72)+SUMIF($C$8:$C$72, $AK68, $N$8:$N$72)+SUMIF($C$8:$C$72, $AK68, $O$8:$O$72) -> 115600 | AR68: =AQ68*0.9 -> 104040 | AS68: =SUM(AN68+AQ68) -> 115600 | AT68: =AO68+AR68 -> 104040 | AZ68: =SUM(AN58+AN73) -> 0 | BC68: =AQ58+AQ73 -> 838472
C69: 아고다 | D69: slm jae klum | E69: 9/10 1011호 | O69: 66300 | AK69: 호텔나우 | AM69: =COUNTIF($R$8:$R$73, $AK69) -> 0 | AN69: =SUMIF($R$8:$R$73, $AK69, $Z$8:$Z$73)+SUMIF($R$8:$R$73, $AK69, $AB$8:$AB$73)+SUMIF($R$8:$R$73, $AK69, $AA$8:$AA$73)+SUMIF($R$8:$R$73, $AK69, $AE$8:$AE$73) -> 0 | AO69: =AN69*0.9 -> 0 | AP69: =COUNTIF($C$8:$C$73, $AK69) -> 1 | AQ69: =SUMIF($C$8:$C$72, $AK69, $L$8:$L$72)+SUMIF($C$8:$C$72, $AK69, $M$8:$M$72)+SUMIF($C$8:$C$72, $AK69, $N$8:$N$72)+SUMIF($C$8:$C$72, $AK69, $O$8:$O$72) -> 176000 | AR69: =AQ69*0.9 -> 158400 | AS69: =SUM(AN69+AQ69) -> 176000 | AT69: =AO69+AR69 -> 158400
AK70: 호텔타임 | AM70: =COUNTIF($R$8:$R$73, $AK70) -> 0 | AN70: =SUMIF($R$8:$R$73, $AK70, $Z$8:$Z$73)+SUMIF($R$8:$R$73, $AK70, $AB$8:$AB$73)+SUMIF($R$8:$R$73, $AK70, $AA$8:$AA$73)+SUMIF($R$8:$R$73, $AK70, $AE$8:$AE$73) -> 0 | AO70: =AN70*0.9 -> 0 | AP70: =COUNTIF($C$8:$C$73, $AK70) -> 0 | AQ70: =SUMIF($C$8:$C$72, $AK70, $L$8:$L$72)+SUMIF($C$8:$C$72, $AK70, $M$8:$M$72)+SUMIF($C$8:$C$72, $AK70, $N$8:$N$72)+SUMIF($C$8:$C$72, $AK70, $O$8:$O$72) -> 0 | AR70: =AQ70*0.9 -> 0 | AS70: =SUM(AN70+AQ70) -> 0 | AT70: =AO70+AR70 -> 0
AU71: 식음료/어메니티 총매출 | AZ71: =SUM(BC55) -> 6000
AM72: =COUNTIF($R$8:$R$73, $AK72) -> 0 | AN72: =SUMIF($R$8:$R$73, $AK72, $Z$8:$Z$73)+SUMIF($R$8:$R$73, $AK72, $AB$8:$AB$73)+SUMIF($R$8:$R$73, $AK72, $AA$8:$AA$73)+SUMIF($R$8:$R$73, $AK72, $AE$8:$AE$73) -> 0 | AP72: =COUNTIF($C$8:$C$73, $AK72) -> 0 | AQ72: =SUMIF($C$8:$C$72, $AK72, $L$8:$L$72)+SUMIF($C$8:$C$72, $AK72, $M$8:$M$72)+SUMIF($C$8:$C$72, $AK72, $N$8:$N$72)+SUMIF($C$8:$C$72, $AK72, $O$8:$O$72) -> 0 | AS72: =SUM(AN72+AQ72) -> 0 | AT72: =AO72+AR72 -> 0 | AU72: 총매출 | AZ72: =BD16 -> 919472
AI73: 소계 | AM73: =SUM(AM60:AM72) -> 0 | AN73: =SUM(AN60:AN72) -> 0 | AO73: =SUM(AO60:AO72) -> 0 | AP73: =SUM(AP60:AP72) -> 15 | AQ73: =SUM(AQ60:AQ72) -> 838472 | AR73: =SUM(AR60:AR72) -> 754624.8 | AS73: =SUM(AS60:AS72) -> 838472 | AT73: =SUM(AT60:AT72) -> 754624.8 | AU73: 순매출 | AZ73: =AS58+AT73 -> 754624.8

Sheet 11
A1: 객실판매일보 | P1: 근무자 | S1: 이정경주간/양동건대체/김선우야간 | Z1: 날짜 | AA1: 45911 | AI1: 일일영업현황보고서
A2: 일매출 | C2: =AZ72 -> 2051949 | G2: 대실 | H2: =COUNTA($Z$8:$AE$67) -> 0 | M2: 숙박 | N2: =COUNTA($L$8:$O$67) -> 28 | Z2: 현금 시재 | AA2: 시작 | AB2: 313500 | AI2: 보고기준일 | AL2: ='11'!AA1 -> 45911 | AP2: 보고일자 | AS2: =AA1+1 -> 45912 | AZ2: 작성자 | BA2: =S1 -> 이정경주간/양동건대체/김선우야간
H3: =SUM(Z8:AE76)+AZ21 -> 0 | N3: =SUM(L8:O76)+AZ20 -> 2051949 | AA3: 마감 | AB3: 315500
A4: 숙 박 | N4: =SUM(COUNTIF(B8:B67,{301,302,303,305,306,307,308,309,501,502,503,505,701,702,703,705,706,707,708,709})) -> 6 | O4: =SUM(COUNTIF(B8:B67,{201,202,203,205,206,207,208,209,506,507,508,509,601,602,603,605,606,607,608,609})) -> 1 | P4: 대 실 | AF4: =SUM(COUNTIF(S8:S67,{301,302,303,305,306,307,308,309,501,502,503,505,701,702,703,705,706,707,708,709})) -> 0 | AG4: =SUM(COUNTIF(S8:S67,{201,202,203,205,206,207,208,209,506,507,508,509,601,602,603,605,606,607,608,609})) -> 0
A5: 타입 | C5: C | D5: B | E5: AT | F5: AD | G5: SD | H5: ST | I5: V | J5: 특 | N5: 남은 객실 | P5: 매출보고 | R5: 현금 | S5: 계좌 | T5: 카드 | U5: 야놀자 | W5: 여기어때 | Y5: 네이버 | AA5: 부킹 | AB5: 아고다 | AC5: 익스피디아 | AD5: 트립 | AE5: 에어 | AF5: 호텔나우 | AG5: 호텔타임
A6: 잔여수량 | C6: =AL31 -> 2 | D6: =AN31 -> 0 | E6: =AP31 -> 5 | F6: =AR31 -> 0 | G6: =AS31 -> 4 | H6: =AU31 -> 4 | I6: =AW31 -> 0 | J6: =AX31 -> 0 | N6: =C6+D6+E6+F6+G6+H6+I6+J6+K6 -> 15 | P6: =C2 -> 2051949 | R6: =AN14+AN15 -> 2000 | S6: =AZ14+AZ15 -> 0 | T6: =AR14+AR15 -> 4000 | U6: =AS60 -> 380000 | W6: =AS61 -> 450000 | Y6: =AS62 -> 0 | AA6: =AS63 -> 0 | AB6: =AS66 -> 285600 | AC6: =AS67 -> 122848 | AD6: =SUMIFS(O7:O47,C7:C47,"트립") -> 108375 | AE6: =AS65 -> 385626 | AF6: =AS69 -> 154000 | AG6: =AS70 -> 159500
A7: 번호 | B7: 호실 | C7: 채널명 | D7: 고객명 | E7: 비고 | F7: 타입 | G7: 기간 | H7: 체크인 | I7: 체크아웃 | J7: 작성자 | K7: 비품 | L7: 현금 | M7: 카드 | N7: 계좌이체 | O7: 온라인 | P7: 번호 | Q7: 호실 | R7: 채널명 | S7: 고객명 | T7: 비고 | U7: 타입 | V7: 체크인 | W7: 체크아웃 | X7: 작성자 | Y7: 비품 | Z7: 현금 | AA7: 카드 | AB7: 계좌이체 | AE7: 온라인
A8: 1 | B8: 907 | C8: 아고다 | D8: 박상훈1 | F8: SD | G8: 1 | H8: 15:00 | I8: 11:00 | J8: 양 | O8: 153000 | P8: 1 | AI8: 총 매 출 | AK8: 구분 | AL8: 현금 | AP8: 카드 | AT8: 온라인 | AX8: 계좌이체 | BB8: 소계
A9: 2 | B9: 809 | C9: 아고다 | D9: 박상훈2 | F9: SD | G9: 1 | H9: 15:00 | I9: 11:00 | J9: 이 | O9: 0 | P9: 2 | AL9: 건수 | AN9: 금액 | AP9: 건수 | AR9: 금액 | AT9: 건수 | AV9: 금액 | AX9: 건수 | AZ9: 금액 | BB9: 건수 | BD9: 금액
A10: 3 | B10: 902 | C10: 트립 | D10: 박상훈 | F10: SD | G10: 1 | H10: 15:00 | I10: 11:00 | J10: 이 | O10: 108375 | P10: 3 | AK10: 숙박 | AL10: =COUNTA($L$8:$L$67) -> 0 | AN10: =SUM(L8:L67) -> 0 | AP10: =COUNT(M8:M67) -> 0 | AR10: =SUM(M8:M67) -> 0 | AT10: =COUNTA($O$8:$O$67) -> 28 | AV10: =SUM(O8:O67) -> 2045949 | AX10: =COUNTA($N$8:$N$67) -> 0 | AZ10: =SUM(N8:N67) -> 0 | BB10: =SUM(AL10+AP10+AT10+AX10) -> 28 | BD10: =SUM(AN10+AR10+AV10+AZ10) -> 2045949
A11: 4 | B11: 1105 | C11: 호텔나우 | D11: 정경철 | F11: AD | G11: 1 | H11: 15:00 | I11: 11:00 | J11: 황 | K11: 1 | O11: 77000 | P11: 4 | AK11: 대실 | AL11: =COUNTA($Z$8:$Z$67) -> 0 | AN11: =SUM(Z8:Z67) -> 0 | AP11: =COUNTA($AA$8:$AA$67) -> 0 | AR11: =SUM(AA8:AA67) -> 0 | AT11: =COUNTA($AE$8:$AE$67) -> 0 | AV11: =SUM(AE8:AE67) -> 0 | AX11: =COUNTA($AB$8:$AB$68) -> 0 | AZ11: =SUM(AB8:AB67) -> 0 | BB11: =SUM(AL11+AP11+AT11+AX11) -> 0 | BD11: =SUM(AN11+AR11+AV11+AZ11) -> 0
A12: 5 | B12: 409 | C12: 아고다 | D12: 허성빈 | E12: C업그레이드 | F12: V | G12: 1 | H12: 15:00 | I12: 11:00 | J12: 김 | O12: 66300 | P12: 5 | AK12: 추가숙박 | AL12: =COUNTA($L$68:$L$76) -> 0 | AN12: =SUM(L68:L76) -> 0 | AP12: =COUNTA($M$68:$M$76) -> 0 | AR12: =SUM(M68:M76) -> 0 | AT12: =COUNTA($O$68:$O$76) -> 0 | AV12: =SUM(O68:O76) -> 0 | AX12: =COUNTA($N$68:$N$76) -> 0 | AZ12: =SUM(N68:N76) -> 0 | BB12: =SUM(AL12+AP12+AT12+AX12) -> 0 | BD12: =SUM(AN12+AR12+AV12+AZ12) -> 0
A13: 6 | B13: 906 | C13: 리뷰체험단 | D13: 송수진 | F13: ST | G13: 1 | H13: 15:00 | I13: 11:00 | J13: 이 | O13: 0 | P13: 6 | AK13: 추가대실 | AL13: =COUNTA($Z$68:$Z$76) -> 0 | AN13: =SUM(Z68:Z76) -> 0 | AP13: =COUNTA($AA$68:$AA$76) -> 0 | AR13: =SUM(AA68:AA76) -> 0 | AT13: =COUNTA($AE$68:$AE$76) -> 0 | AV13: =SUM(AE68:AE76) -> 0 | AX13: =COUNTA($AB$68:$AB$76) -> 0 | AZ13: =SUM(AB68:AB76) -> 0 | BB13: =SUM(AL13+AP13+AT13+AX13) -> 0 | BD13: =SUM(AN13+AR13+AV13+AZ13) -> 0
A14: 7 | B14: 309 | C14: 야놀자 | D14: 김유니 | F14: C | G14: 1 | H14: 15:00 | I14: 11:00 | J14: 이 | O14: 65000 | P14: 7 | AK14: 소계 | AL14: =SUM(AL10:AM11) -> 0 | AN14: =SUM(AN10:AO13) -> 0 | AP14: =SUM(AP10:AQ11) -> 0 | AR14: =SUM(AR10:AS13) -> 0 | AT14: =SUM(AT10:AU11) -> 28 | AV14: =SUM(AV10:AW13) -> 2045949 | AX14: =SUM(AX10:AY11) -> 0 | AZ14: =SUM(AZ10:BA13) -> 0 | BB14: =SUM(AL14+AP14+AT14+AX14) -> 28 | BD14: =SUM(BD10:BE13) -> 2045949
A15: 8 | B15: 308 | C15: 여기어때 | D15: 박큰울 | F15: C | G15: 1/2 | H15: 15:00 | I15: 11:00 | J15: 이 | O15: 135000 | P15: 8 | AK15: 어메니티 | AL15: =AL24 -> 1 | AN15: =AN24 -> 2000 | AP15: =AP24 -> 2 | AR15: =AR24 -> 4000 | AX15: =AT24 -> 0 | AZ15: =AV24 -> 0 | BB15: =AX24 -> 3 | BD15: =SUM(AN15+AR15+AV15+AZ15) -> 6000
A16: 9 | B16: 1216 | C16: 아고다 | D16: 김병준 | E16: B업그레이드 | F16: AT | G16: 1 | H16: 15:00 | I16: 11:00 | J16: 양 | O16: 66300 | P16: 9 | BB16: 총합계 | BD16: =BD14+BD15 -> 2051949
A17: 10 | B17: 811 | C17: 야놀자 | D17: 조석기 | F17: B | G17: 1 | H17: 15:00 | I17: 11:00 | J17: 양 | O17: 65000 | P17: 10
A18: 11 | B18: 307 | C18: 호텔타임 | D18: 이호진 | F18: C | G18: 1 | H18: 15:00 | I18: 11:00 | J18: 황 | O18: 71500 | P18: 11 | AI18: 어메니티 판매현황 | AK18: 구분 | AL18: 현금 (1) | AP18: 카드 (2) | AT18: 계좌이체 (3) | AX18: 소계
A19: 12 | B19: 1004 | C19: 여기어때 | D19: 윤성호 | E19: C업그레이드 | F19: SD | G19: 1 | H19: 15:00 | I19: 11:00 | J19: 이 | O19: 65000 | P19: 12 | AL19: 건수 | AN19: 금액 | AP19: 건수 | AR19: 금액 | AT19: 건수 | AV19: 금액 | AX19: 건수 | AZ19: 금액
